id|id_factura|concepto|unidades|precio
1|1|ut odio vel est tempor bibendum. Donec|10|81
2|2|ante, iaculis nec, eleifend non, dapibus|1|62
3|3|morbi tristique senectus et netus et malesuada fames ac turpis|3|61
4|4|lorem ipsum sodales purus, in molestie tortor|1|82
5|5|aliquam adipiscing lacus. Ut nec urna|10|31
6|6|Sed nulla ante, iaculis nec, eleifend non, dapibus rutrum,|9|74
7|7|volutpat nunc sit amet metus. Aliquam erat volutpat.|3|92
8|8|Donec egestas. Duis ac arcu.|8|53
9|9|tempus, lorem fringilla ornare placerat, orci lacus vestibulum lorem,|3|98
10|10|ac arcu. Nunc mauris. Morbi non|6|27
11|11|tortor, dictum eu, placerat eget, venenatis a,|8|76
12|12|diam. Proin dolor. Nulla semper tellus|6|50
13|13|Ut sagittis lobortis mauris. Suspendisse aliquet molestie tellus. Aenean|7|57
14|14|dictum ultricies ligula. Nullam enim.|3|65
15|15|Aenean egestas hendrerit neque. In ornare sagittis|6|50
16|16|Cras lorem lorem, luctus ut, pellentesque eget, dictum placerat,|10|53
17|17|dictum cursus. Nunc mauris elit, dictum eu, eleifend nec, malesuada|5|21
18|18|Curabitur sed tortor. Integer aliquam adipiscing lacus.|4|82
19|19|tristique senectus et netus et malesuada fames ac turpis|6|13
20|20|et pede. Nunc sed orci lobortis augue scelerisque mollis.|5|63
21|21|gravida. Praesent eu nulla at sem molestie sodales.|2|60
22|22|arcu eu odio tristique pharetra. Quisque ac libero nec|2|19
23|23|nec quam. Curabitur vel lectus. Cum sociis natoque penatibus|6|63
24|24|orci. Ut sagittis lobortis mauris. Suspendisse aliquet molestie tellus. Aenean|1|86
25|25|montes, nascetur ridiculus mus. Proin vel nisl. Quisque|10|20
26|26|Morbi vehicula. Pellentesque tincidunt tempus risus. Donec egestas.|10|38
27|27|sit amet, faucibus ut, nulla. Cras eu|4|24
28|28|elit, a feugiat tellus lorem eu metus.|8|12
29|29|malesuada vel, convallis in, cursus et, eros. Proin ultrices. Duis|6|72
30|30|ultrices posuere cubilia Curae; Donec tincidunt.|8|12
31|31|euismod urna. Nullam lobortis quam a felis|7|40
32|32|sociis natoque penatibus et magnis dis parturient montes, nascetur ridiculus|2|55
33|33|dictum sapien. Aenean massa. Integer vitae|7|76
34|34|ultricies ligula. Nullam enim. Sed nulla ante,|1|78
35|35|nisl. Maecenas malesuada fringilla est. Mauris eu turpis. Nulla aliquet.|10|53
36|36|lacus vestibulum lorem, sit amet ultricies|6|29
37|37|semper cursus. Integer mollis. Integer tincidunt aliquam arcu.|10|77
38|38|orci, consectetuer euismod est arcu ac orci. Ut semper|8|29
39|39|urna. Vivamus molestie dapibus ligula.|6|92
40|40|congue turpis. In condimentum. Donec|4|33
41|41|sapien, gravida non, sollicitudin a, malesuada id, erat. Etiam vestibulum|10|34
42|42|vehicula risus. Nulla eget metus eu erat semper|1|59
43|43|Aliquam tincidunt, nunc ac mattis ornare, lectus|1|69
44|44|Proin vel nisl. Quisque fringilla euismod enim. Etiam|9|21
45|45|fermentum convallis ligula. Donec luctus aliquet odio. Etiam|9|47
46|46|consectetuer mauris id sapien. Cras dolor dolor,|7|59
47|47|elit, dictum eu, eleifend nec,|5|15
48|48|pede sagittis augue, eu tempor erat neque non quam. Pellentesque|4|79
49|49|pede, ultrices a, auctor non, feugiat nec, diam. Duis mi|1|47
50|50|erat semper rutrum. Fusce dolor quam, elementum|10|79
51|51|vitae, aliquet nec, imperdiet nec, leo. Morbi neque tellus, imperdiet|5|60
52|52|egestas. Duis ac arcu. Nunc mauris. Morbi non|7|19
53|53|nisi dictum augue malesuada malesuada.|6|58
54|54|vitae aliquam eros turpis non enim.|1|28
55|55|parturient montes, nascetur ridiculus mus. Proin|3|31
56|56|non, hendrerit id, ante. Nunc mauris sapien,|10|30
57|57|gravida non, sollicitudin a, malesuada id, erat. Etiam vestibulum massa|7|30
58|58|est ac facilisis facilisis, magna|10|11
59|59|sollicitudin orci sem eget massa. Suspendisse eleifend. Cras|6|17
60|60|id risus quis diam luctus lobortis. Class aptent taciti|2|77
61|61|Morbi quis urna. Nunc quis arcu vel quam dignissim|3|10
62|62|Aliquam rutrum lorem ac risus. Morbi metus. Vivamus euismod urna.|3|27
63|63|convallis est, vitae sodales nisi magna sed dui. Fusce aliquam,|5|31
64|64|laoreet lectus quis massa. Mauris|5|95
65|65|Sed dictum. Proin eget odio. Aliquam vulputate|2|55
66|66|at sem molestie sodales. Mauris blandit enim consequat purus.|6|36
67|67|aliquam arcu. Aliquam ultrices iaculis odio. Nam interdum|4|33
68|68|tempor arcu. Vestibulum ut eros non enim|1|23
69|69|egestas. Duis ac arcu. Nunc mauris.|2|23
70|70|felis ullamcorper viverra. Maecenas iaculis aliquet diam. Sed|4|55
71|71|odio. Etiam ligula tortor, dictum eu, placerat eget, venenatis|8|89
72|72|Nulla facilisi. Sed neque. Sed eget|9|68
73|73|aliquet nec, imperdiet nec, leo. Morbi|2|13
74|74|neque venenatis lacus. Etiam bibendum|4|74
75|75|in aliquet lobortis, nisi nibh lacinia orci, consectetuer euismod|10|16
76|76|nec, leo. Morbi neque tellus, imperdiet|3|60
77|77|ornare egestas ligula. Nullam feugiat placerat|8|90
78|78|et pede. Nunc sed orci lobortis augue scelerisque mollis.|4|61
79|79|est mauris, rhoncus id, mollis nec, cursus a, enim.|5|12
80|80|placerat, augue. Sed molestie. Sed id risus|7|71
81|81|sem. Pellentesque ut ipsum ac mi|8|43
82|82|sed, sapien. Nunc pulvinar arcu et pede.|1|29
83|83|habitant morbi tristique senectus et netus et malesuada fames|3|11
84|84|Donec nibh enim, gravida sit|6|37
85|85|ornare. In faucibus. Morbi vehicula. Pellentesque tincidunt tempus risus. Donec|2|67
86|86|sapien, cursus in, hendrerit consectetuer, cursus|3|23
87|87|Cum sociis natoque penatibus et magnis dis parturient montes,|2|17
88|88|non quam. Pellentesque habitant morbi tristique senectus et netus et|8|21
89|89|nec tempus scelerisque, lorem ipsum sodales purus, in molestie|6|23
90|90|cursus et, magna. Praesent interdum ligula eu enim.|4|33
91|91|pede. Praesent eu dui. Cum sociis natoque penatibus|3|73
92|92|netus et malesuada fames ac|10|14
93|93|nec, malesuada ut, sem. Nulla|7|50
94|94|tincidunt nibh. Phasellus nulla. Integer vulputate, risus a ultricies|6|54
95|95|sagittis. Nullam vitae diam. Proin dolor. Nulla semper|6|48
96|96|natoque penatibus et magnis dis parturient montes, nascetur|6|35
97|97|dapibus quam quis diam. Pellentesque habitant morbi tristique senectus|5|38
98|98|eget, venenatis a, magna. Lorem ipsum dolor sit|6|37
99|99|egestas. Aliquam fringilla cursus purus. Nullam scelerisque|10|62
100|100|imperdiet non, vestibulum nec, euismod in, dolor. Fusce feugiat.|7|85

