id|nombre|nombre1|nombre2|cif|comentarios|corriente|contable|diapago
1|magnis dis parturient montes, nascetur ridiculus mus.|Etiam imperdiet dictum magna. Ut tincidunt orci quis|sit amet, faucibus ut, nulla. Cras eu tellus|81409896-S|mauris. Morbi non sapien molestie orci tincidunt adipiscing. Mauris molestie pharetra nibh. Aliquam ornare, libero at auctor ullamcorper, nisl arcu iaculis enim, sit amet ornare|5885-0557-35-6931367931|756|23
2|Praesent luctus. Curabitur egestas nunc sed libero. Proin|Nunc ut erat. Sed nunc est, mollis non, cursus|libero lacus, varius et, euismod et,|38724889-P|tortor nibh sit amet orci. Ut sagittis lobortis mauris. Suspendisse aliquet molestie tellus. Aenean egestas hendrerit neque. In ornare sagittis felis. Donec tempor, est ac mattis semper, dui|2183-4514-83-1399856975|363|18
3|adipiscing lobortis risus. In mi|accumsan sed, facilisis vitae, orci. Phasellus dapibus|dis parturient montes, nascetur ridiculus mus. Aenean eget magna.|50734295-Q|mi lacinia mattis. Integer eu lacus. Quisque imperdiet, erat nonummy ultricies ornare, elit elit fermentum risus, at fringilla purus mauris a nunc. In at pede. Cras vulputate velit eu sem. Pellentesque ut ipsum ac mi eleifend egestas. Sed pharetra, felis eget varius ultrices, mauris ipsum porta elit, a feugiat tellus lorem eu metus. In lorem. Donec elementum, lorem ut aliquam iaculis, lacus pede sagittis augue, eu tempor erat neque non quam. Pellentesque habitant morbi tristique senectus et netus et malesuada fames|8187-0340-00-3740864841|348|22
4|tincidunt aliquam arcu. Aliquam ultrices iaculis odio. Nam interdum enim|adipiscing non, luctus sit amet, faucibus ut, nulla. Cras|Ut sagittis lobortis mauris. Suspendisse aliquet molestie tellus. Aenean|25602647-S|diam. Proin dolor. Nulla semper tellus id nunc interdum feugiat. Sed nec metus facilisis lorem tristique aliquet. Phasellus fermentum convallis ligula. Donec luctus aliquet odio. Etiam ligula tortor, dictum eu, placerat eget, venenatis a, magna. Lorem ipsum dolor sit amet, consectetuer adipiscing elit. Etiam laoreet, libero et tristique pellentesque, tellus sem mollis dui, in|1211-0758-26-2650567032|388|13
5|porttitor tellus non magna. Nam|sit amet metus. Aliquam erat volutpat. Nulla facilisis. Suspendisse commodo|nascetur ridiculus mus. Proin vel arcu|64585561-L|erat eget ipsum. Suspendisse sagittis. Nullam vitae diam. Proin dolor. Nulla semper tellus id nunc interdum feugiat. Sed nec metus facilisis lorem tristique aliquet. Phasellus fermentum convallis ligula. Donec luctus aliquet odio. Etiam ligula tortor, dictum eu, placerat eget, venenatis a, magna. Lorem ipsum dolor sit amet, consectetuer adipiscing elit. Etiam laoreet, libero et tristique pellentesque, tellus sem mollis dui, in sodales elit erat vitae risus. Duis a mi fringilla mi lacinia mattis. Integer eu lacus. Quisque imperdiet, erat nonummy ultricies ornare, elit elit fermentum risus, at fringilla|7537-1951-37-5169217141|886|19
6|primis in faucibus orci luctus et ultrices|dapibus rutrum, justo. Praesent luctus. Curabitur|ut, sem. Nulla interdum. Curabitur dictum. Phasellus in|33761866-C|viverra. Maecenas iaculis aliquet diam. Sed diam lorem, auctor quis, tristique ac, eleifend vitae, erat. Vivamus nisi. Mauris nulla. Integer urna. Vivamus molestie dapibus ligula. Aliquam erat volutpat. Nulla dignissim. Maecenas ornare egestas ligula. Nullam feugiat placerat velit. Quisque varius. Nam porttitor scelerisque neque. Nullam nisl. Maecenas malesuada fringilla est. Mauris eu turpis. Nulla aliquet. Proin velit. Sed malesuada augue ut lacus. Nulla tincidunt, neque vitae semper egestas, urna justo faucibus lectus, a sollicitudin orci sem eget massa. Suspendisse eleifend. Cras sed leo. Cras vehicula aliquet libero. Integer in magna. Phasellus dolor elit, pellentesque a, facilisis non,|6105-4235-65-3510043505|943|17
7|molestie in, tempus eu, ligula. Aenean euismod mauris|lorem semper auctor. Mauris vel turpis.|ante ipsum primis in faucibus orci|59354778-I|Morbi metus. Vivamus euismod urna. Nullam lobortis quam a felis ullamcorper viverra. Maecenas iaculis aliquet diam. Sed diam lorem, auctor quis, tristique ac, eleifend vitae, erat. Vivamus nisi. Mauris nulla. Integer urna. Vivamus molestie dapibus ligula. Aliquam erat volutpat. Nulla dignissim. Maecenas ornare egestas ligula. Nullam feugiat placerat velit. Quisque varius. Nam porttitor scelerisque|7057-1916-07-5401924156|740|10
8|convallis ligula. Donec luctus aliquet odio. Etiam ligula tortor, dictum|elementum, lorem ut aliquam iaculis,|Cras dolor dolor, tempus non,|28776867-M|ridiculus mus. Proin vel nisl. Quisque fringilla euismod enim. Etiam gravida molestie arcu. Sed eu nibh vulputate mauris sagittis placerat. Cras dictum ultricies ligula. Nullam enim. Sed nulla ante, iaculis nec, eleifend non, dapibus rutrum, justo. Praesent luctus. Curabitur egestas nunc sed libero. Proin sed turpis nec mauris blandit mattis. Cras eget nisi dictum augue malesuada malesuada. Integer id magna et ipsum cursus vestibulum. Mauris magna. Duis dignissim tempor arcu. Vestibulum ut|0162-1972-43-0944915721|919|21
9|at arcu. Vestibulum ante ipsum primis in faucibus orci|Donec nibh enim, gravida sit amet, dapibus|risus. Donec egestas. Aliquam nec enim.|02265352-P|ultricies sem magna nec quam. Curabitur vel lectus. Cum sociis natoque penatibus et magnis dis|6000-9267-58-7674448969|991|19
10|eu, ultrices sit amet, risus. Donec nibh enim,|ultricies ornare, elit elit fermentum risus,|sit amet massa. Quisque porttitor|47358384-B|amet diam eu dolor egestas rhoncus. Proin nisl sem, consequat nec, mollis vitae, posuere at, velit. Cras lorem lorem, luctus ut, pellentesque eget, dictum placerat, augue. Sed molestie. Sed id risus quis diam luctus lobortis. Class aptent taciti sociosqu ad litora torquent per conubia nostra, per inceptos hymenaeos. Mauris|8192-5314-01-4030582395|879|12
11|rhoncus. Proin nisl sem, consequat nec, mollis vitae,|pharetra sed, hendrerit a, arcu. Sed|Nulla eu neque pellentesque massa lobortis|21813355-T|libero. Donec consectetuer mauris id sapien. Cras dolor dolor, tempus non, lacinia at, iaculis quis, pede. Praesent eu dui. Cum sociis natoque penatibus et magnis dis parturient montes, nascetur ridiculus mus. Aenean eget magna. Suspendisse tristique neque venenatis lacus. Etiam bibendum fermentum metus. Aenean sed pede nec ante blandit viverra. Donec tempus, lorem fringilla ornare placerat, orci lacus vestibulum lorem, sit amet ultricies sem magna|1692-1855-71-3407920956|175|9
12|egestas. Sed pharetra, felis eget|metus urna convallis erat, eget tincidunt dui augue eu tellus.|Fusce aliquam, enim nec tempus scelerisque, lorem ipsum|27029204-T|non magna. Nam ligula elit, pretium et, rutrum non, hendrerit id, ante. Nunc mauris sapien, cursus in, hendrerit consectetuer, cursus et, magna. Praesent interdum ligula eu enim. Etiam imperdiet dictum magna. Ut tincidunt orci quis lectus. Nullam suscipit, est ac facilisis facilisis, magna tellus faucibus leo, in lobortis tellus justo sit amet nulla. Donec non justo. Proin non massa non ante bibendum ullamcorper. Duis cursus, diam at pretium aliquet, metus urna convallis erat, eget tincidunt dui augue eu tellus. Phasellus elit|0268-1981-55-2205384948|219|15
13|fermentum fermentum arcu. Vestibulum ante|elit pede, malesuada vel, venenatis vel, faucibus id,|sodales at, velit. Pellentesque ultricies dignissim lacus. Aliquam rutrum lorem|20588787-W|sem, consequat nec, mollis vitae, posuere at, velit. Cras lorem lorem, luctus ut, pellentesque eget, dictum placerat, augue. Sed molestie. Sed id risus quis diam luctus lobortis. Class aptent taciti sociosqu ad litora torquent per conubia nostra, per inceptos hymenaeos. Mauris ut quam vel|1626-9109-59-1796812416|721|18
14|Cras interdum. Nunc sollicitudin commodo|Pellentesque ut ipsum ac mi eleifend egestas.|aliquam iaculis, lacus pede sagittis augue, eu tempor erat|09436447-K|nec ante blandit viverra. Donec tempus, lorem fringilla ornare placerat, orci|6753-6751-81-8034129917|002|12
15|nisi nibh lacinia orci, consectetuer euismod est arcu ac|volutpat. Nulla dignissim. Maecenas ornare egestas ligula. Nullam feugiat placerat|accumsan laoreet ipsum. Curabitur consequat,|07660235-J|consequat auctor, nunc nulla vulputate dui, nec tempus mauris erat eget ipsum. Suspendisse sagittis. Nullam vitae diam. Proin dolor. Nulla semper tellus id nunc interdum feugiat. Sed nec metus facilisis lorem tristique aliquet. Phasellus|2316-5365-43-5569238647|614|9
16|ridiculus mus. Donec dignissim magna a|et tristique pellentesque, tellus sem mollis dui, in sodales|porttitor vulputate, posuere vulputate, lacus.|52269805-I|consequat, lectus sit amet luctus vulputate, nisi sem semper erat, in consectetuer ipsum nunc id enim. Curabitur massa. Vestibulum accumsan neque et nunc. Quisque ornare tortor at risus. Nunc ac sem ut dolor dapibus gravida. Aliquam tincidunt, nunc ac mattis ornare, lectus ante dictum mi, ac mattis velit justo nec ante. Maecenas mi felis, adipiscing fringilla, porttitor vulputate, posuere vulputate,|9159-3879-25-5498665474|907|19
17|et ipsum cursus vestibulum. Mauris magna. Duis dignissim tempor arcu.|nibh vulputate mauris sagittis placerat. Cras dictum ultricies ligula.|risus. Donec egestas. Duis ac arcu. Nunc mauris. Morbi non|47306784-Q|at, egestas a, scelerisque sed, sapien. Nunc pulvinar arcu et pede. Nunc sed orci lobortis augue scelerisque mollis. Phasellus libero mauris, aliquam eu, accumsan sed,|2601-2667-41-6483340933|317|12
18|purus. Duis elementum, dui quis accumsan convallis, ante lectus|eros nec tellus. Nunc lectus pede,|non, luctus sit amet, faucibus|33034300-A|mauris eu elit. Nulla facilisi. Sed neque. Sed eget lacus. Mauris non dui nec urna suscipit nonummy. Fusce fermentum fermentum arcu. Vestibulum ante ipsum primis in faucibus orci luctus et ultrices posuere cubilia Curae; Phasellus ornare. Fusce mollis. Duis sit amet diam eu dolor egestas rhoncus. Proin nisl sem, consequat nec, mollis vitae,|7810-2512-85-6020872187|418|25
19|semper. Nam tempor diam dictum sapien. Aenean massa.|pharetra. Nam ac nulla. In tincidunt congue turpis. In condimentum.|velit. Sed malesuada augue ut|98209561-U|magnis dis parturient montes, nascetur ridiculus mus. Aenean eget magna. Suspendisse tristique neque venenatis lacus. Etiam bibendum fermentum metus. Aenean sed pede nec ante blandit viverra. Donec tempus, lorem fringilla ornare placerat, orci lacus vestibulum lorem, sit amet ultricies sem magna nec quam. Curabitur vel lectus. Cum sociis natoque penatibus et magnis dis parturient montes,|3594-3675-54-0628337051|944|1
20|et malesuada fames ac turpis egestas. Fusce|sed turpis nec mauris blandit mattis. Cras eget|eget odio. Aliquam vulputate ullamcorper magna. Sed eu eros. Nam|22616983-N|ultricies ornare, elit elit fermentum risus, at fringilla purus mauris a nunc. In at pede. Cras vulputate velit eu sem. Pellentesque ut ipsum ac mi eleifend egestas. Sed pharetra, felis eget varius ultrices, mauris ipsum porta elit, a feugiat tellus|5003-3413-03-3483899470|607|22
21|euismod est arcu ac orci. Ut semper pretium neque.|aliquam arcu. Aliquam ultrices iaculis odio. Nam interdum|commodo ipsum. Suspendisse non leo. Vivamus|97990242-R|lobortis tellus justo sit amet nulla. Donec non justo. Proin non massa non ante bibendum ullamcorper. Duis cursus, diam at pretium aliquet, metus urna convallis erat, eget tincidunt dui augue eu tellus. Phasellus elit pede, malesuada vel, venenatis vel, faucibus id, libero. Donec consectetuer mauris id sapien. Cras dolor dolor, tempus|9843-7331-14-7115881901|870|24
22|a felis ullamcorper viverra. Maecenas iaculis aliquet diam. Sed diam|Donec feugiat metus sit amet ante.|Sed congue, elit sed consequat|70623356-N|amet risus. Donec egestas. Aliquam nec enim. Nunc ut erat. Sed nunc est, mollis non, cursus non, egestas a, dui. Cras pellentesque. Sed dictum. Proin eget odio. Aliquam vulputate ullamcorper magna. Sed eu eros. Nam consequat dolor vitae dolor. Donec fringilla. Donec feugiat metus sit amet ante. Vivamus non lorem vitae odio sagittis semper. Nam tempor diam dictum sapien. Aenean massa. Integer vitae nibh. Donec est mauris, rhoncus id, mollis nec, cursus a, enim. Suspendisse aliquet, sem|2928-7097-10-6814757855|651|24
23|eu nibh vulputate mauris sagittis placerat. Cras dictum ultricies ligula.|cursus, diam at pretium aliquet, metus urna|eu nulla at sem molestie|73091801-Q|vitae, posuere at, velit. Cras lorem lorem, luctus ut, pellentesque eget, dictum placerat, augue. Sed molestie. Sed id risus quis diam luctus|2047-7956-40-2010974576|317|8
24|ante. Nunc mauris sapien, cursus in,|sed leo. Cras vehicula aliquet libero.|justo faucibus lectus, a sollicitudin orci|64402107-T|ultrices posuere cubilia Curae; Donec tincidunt. Donec vitae erat vel pede blandit congue. In scelerisque scelerisque dui. Suspendisse ac metus vitae velit egestas lacinia. Sed congue, elit sed consequat auctor, nunc nulla vulputate dui, nec tempus mauris erat eget ipsum. Suspendisse sagittis. Nullam vitae diam. Proin dolor. Nulla semper tellus id nunc interdum feugiat.|9590-4640-41-3586839263|807|27
25|Curabitur consequat, lectus sit amet luctus|quam, elementum at, egestas a, scelerisque sed, sapien. Nunc pulvinar|nulla. Cras eu tellus eu augue porttitor interdum. Sed|76976441-O|placerat, augue. Sed molestie. Sed id risus quis diam luctus lobortis. Class aptent taciti sociosqu ad litora torquent per conubia nostra, per inceptos hymenaeos. Mauris ut quam vel sapien imperdiet ornare. In faucibus. Morbi vehicula. Pellentesque tincidunt tempus risus. Donec egestas. Duis ac arcu. Nunc mauris. Morbi non sapien molestie orci tincidunt adipiscing. Mauris molestie pharetra nibh. Aliquam ornare, libero at auctor ullamcorper, nisl arcu iaculis enim, sit amet ornare lectus justo eu arcu. Morbi sit amet massa. Quisque porttitor eros nec tellus. Nunc lectus pede,|9305-1454-08-2152441516|386|2
26|non, egestas a, dui. Cras pellentesque. Sed|at, iaculis quis, pede. Praesent eu dui.|a, auctor non, feugiat nec, diam. Duis mi enim,|96692847-H|nisi dictum augue malesuada malesuada. Integer id magna et ipsum cursus vestibulum. Mauris magna. Duis dignissim tempor arcu. Vestibulum ut eros non enim commodo hendrerit. Donec porttitor tellus non magna. Nam ligula elit, pretium et, rutrum non, hendrerit id, ante. Nunc mauris sapien, cursus in, hendrerit consectetuer, cursus et, magna. Praesent interdum ligula eu enim. Etiam imperdiet dictum|5717-1697-76-0521035708|665|17
27|Sed auctor odio a purus. Duis elementum, dui quis accumsan|diam at pretium aliquet, metus|Praesent interdum ligula eu enim. Etiam imperdiet dictum magna.|12330490-F|vestibulum lorem, sit amet ultricies sem magna nec quam. Curabitur vel lectus. Cum sociis natoque penatibus et magnis dis parturient montes, nascetur ridiculus mus. Donec dignissim magna a tortor. Nunc commodo auctor velit. Aliquam nisl. Nulla eu neque pellentesque massa lobortis ultrices. Vivamus rhoncus. Donec est. Nunc ullamcorper, velit in aliquet lobortis, nisi nibh lacinia orci, consectetuer euismod est arcu ac orci. Ut semper pretium neque. Morbi quis urna. Nunc quis arcu vel quam dignissim pharetra. Nam ac nulla. In|2393-4391-38-7043984560|793|2
28|eget varius ultrices, mauris ipsum|odio semper cursus. Integer mollis.|a feugiat tellus lorem eu|73276606-U|purus, in molestie tortor nibh sit amet orci. Ut sagittis lobortis mauris. Suspendisse aliquet molestie tellus. Aenean egestas hendrerit neque. In ornare sagittis felis. Donec tempor, est ac mattis semper, dui lectus rutrum urna, nec luctus felis purus ac tellus. Suspendisse sed dolor. Fusce mi lorem, vehicula et,|5499-3748-44-5376356365|197|26
29|erat. Vivamus nisi. Mauris nulla. Integer urna. Vivamus|enim, sit amet ornare lectus justo eu arcu. Morbi sit|Nulla tincidunt, neque vitae semper egestas,|77867141-B|nascetur ridiculus mus. Proin vel nisl. Quisque fringilla euismod enim. Etiam gravida molestie arcu. Sed eu nibh vulputate mauris sagittis placerat. Cras dictum ultricies ligula. Nullam enim. Sed nulla ante, iaculis nec, eleifend non, dapibus rutrum, justo. Praesent luctus. Curabitur egestas nunc sed libero. Proin sed turpis nec mauris blandit mattis. Cras eget nisi dictum augue malesuada malesuada. Integer id magna et ipsum cursus vestibulum. Mauris magna. Duis dignissim tempor arcu. Vestibulum ut eros non enim commodo hendrerit. Donec porttitor tellus non magna. Nam ligula elit, pretium et, rutrum non,|6132-5999-54-0419159473|252|26
30|sollicitudin orci sem eget massa. Suspendisse|Nullam velit dui, semper et, lacinia vitae,|Mauris molestie pharetra nibh. Aliquam ornare, libero|80423012-X|congue. In scelerisque scelerisque dui. Suspendisse ac metus vitae velit egestas lacinia. Sed congue, elit sed consequat auctor, nunc nulla vulputate dui, nec tempus mauris erat eget ipsum. Suspendisse sagittis. Nullam vitae diam. Proin dolor. Nulla semper tellus id nunc interdum feugiat. Sed nec metus facilisis lorem tristique aliquet. Phasellus fermentum convallis ligula. Donec luctus aliquet odio. Etiam ligula tortor, dictum eu, placerat eget, venenatis a, magna. Lorem ipsum|9199-2597-23-9758092345|250|13
31|Pellentesque habitant morbi tristique senectus et netus et malesuada fames|luctus, ipsum leo elementum sem, vitae aliquam eros|nec urna suscipit nonummy. Fusce fermentum fermentum arcu. Vestibulum ante|99389649-K|suscipit nonummy. Fusce fermentum fermentum arcu. Vestibulum ante ipsum primis in faucibus orci luctus et ultrices posuere cubilia Curae; Phasellus ornare. Fusce mollis. Duis sit amet diam eu dolor egestas rhoncus. Proin nisl sem, consequat nec, mollis vitae, posuere at, velit. Cras lorem lorem, luctus ut, pellentesque eget, dictum placerat, augue. Sed molestie. Sed id risus quis diam luctus lobortis. Class aptent taciti sociosqu ad litora torquent per conubia nostra, per inceptos hymenaeos. Mauris|3472-4758-11-0615521613|516|13
32|viverra. Maecenas iaculis aliquet diam.|nec urna et arcu imperdiet ullamcorper. Duis at lacus. Quisque|quis lectus. Nullam suscipit, est ac facilisis facilisis, magna|21003578-L|fringilla, porttitor vulputate, posuere vulputate, lacus. Cras interdum. Nunc sollicitudin commodo ipsum. Suspendisse non leo. Vivamus nibh dolor, nonummy ac, feugiat non, lobortis quis, pede. Suspendisse dui. Fusce diam nunc, ullamcorper eu, euismod ac, fermentum vel, mauris. Integer sem elit, pharetra ut, pharetra sed, hendrerit a, arcu. Sed et libero. Proin mi. Aliquam gravida mauris ut mi. Duis risus odio, auctor vitae, aliquet nec, imperdiet nec, leo. Morbi neque tellus, imperdiet non, vestibulum nec, euismod in, dolor. Fusce feugiat. Lorem ipsum dolor sit amet, consectetuer adipiscing elit. Aliquam auctor, velit eget laoreet|5510-0317-54-2717856832|043|4
33|nunc. Quisque ornare tortor at risus. Nunc ac sem|Donec dignissim magna a tortor. Nunc commodo auctor velit. Aliquam|ligula. Donec luctus aliquet odio. Etiam ligula|68389420-D|dictum augue malesuada malesuada. Integer id magna et ipsum cursus vestibulum. Mauris magna. Duis dignissim tempor arcu. Vestibulum ut eros non enim commodo hendrerit. Donec porttitor tellus non magna. Nam ligula elit, pretium et, rutrum non, hendrerit id, ante. Nunc mauris sapien, cursus in, hendrerit consectetuer, cursus et, magna. Praesent interdum ligula eu enim. Etiam imperdiet dictum magna. Ut tincidunt orci quis lectus. Nullam suscipit, est ac facilisis facilisis, magna tellus faucibus leo, in lobortis tellus justo sit amet nulla. Donec|4571-3372-60-2034822560|253|2
34|eu, placerat eget, venenatis a, magna. Lorem|vel nisl. Quisque fringilla euismod enim.|quis diam. Pellentesque habitant morbi tristique senectus et netus et|13584922-D|Pellentesque tincidunt tempus risus. Donec egestas. Duis ac arcu. Nunc mauris. Morbi non sapien molestie orci tincidunt adipiscing. Mauris molestie pharetra nibh. Aliquam ornare, libero at auctor ullamcorper, nisl arcu iaculis enim, sit amet ornare lectus justo eu arcu. Morbi sit amet massa. Quisque porttitor eros nec tellus. Nunc lectus pede, ultrices a, auctor non, feugiat nec, diam. Duis mi enim, condimentum eget, volutpat ornare, facilisis eget, ipsum. Donec sollicitudin adipiscing ligula. Aenean gravida nunc sed pede. Cum sociis natoque penatibus et magnis dis parturient montes, nascetur|4968-7903-51-5056429019|145|1
35|orci. Ut sagittis lobortis mauris. Suspendisse aliquet molestie tellus. Aenean|eget lacus. Mauris non dui nec|Nam interdum enim non nisi. Aenean eget metus.|50018709-D|cursus. Integer mollis. Integer tincidunt aliquam arcu. Aliquam ultrices iaculis odio. Nam interdum enim non nisi. Aenean eget metus. In nec orci. Donec nibh. Quisque nonummy ipsum non arcu. Vivamus sit amet risus. Donec egestas. Aliquam nec enim. Nunc ut erat. Sed nunc est, mollis non, cursus non, egestas a, dui. Cras pellentesque. Sed dictum. Proin eget odio. Aliquam vulputate ullamcorper magna. Sed eu eros. Nam consequat dolor vitae|7753-2822-02-3573526787|297|12
36|lorem, vehicula et, rutrum eu, ultrices sit amet, risus.|arcu vel quam dignissim pharetra. Nam ac nulla.|sagittis. Duis gravida. Praesent eu nulla at sem|73836029-I|turpis vitae purus gravida sagittis. Duis gravida. Praesent eu nulla at sem molestie sodales. Mauris blandit enim consequat purus. Maecenas libero est, congue a, aliquet vel, vulputate eu, odio. Phasellus at augue id ante dictum cursus. Nunc mauris elit, dictum|7990-4271-04-4918763424|263|19
37|magna sed dui. Fusce aliquam, enim|fermentum arcu. Vestibulum ante ipsum primis in faucibus orci luctus|vel sapien imperdiet ornare. In faucibus. Morbi vehicula. Pellentesque|35136653-U|pharetra. Nam ac nulla. In tincidunt congue turpis. In condimentum. Donec at arcu. Vestibulum ante ipsum primis in faucibus orci luctus et ultrices posuere cubilia Curae; Donec tincidunt. Donec vitae erat vel pede blandit congue. In scelerisque scelerisque dui. Suspendisse ac metus vitae velit egestas lacinia. Sed congue, elit sed consequat auctor, nunc nulla vulputate dui, nec tempus mauris erat eget ipsum. Suspendisse sagittis. Nullam vitae|1680-3538-88-1427767949|391|19
38|nec metus facilisis lorem tristique aliquet. Phasellus fermentum|in consectetuer ipsum nunc id enim.|velit eu sem. Pellentesque ut ipsum ac mi|67457701-Q|nisi sem semper erat, in consectetuer ipsum nunc id enim. Curabitur massa. Vestibulum accumsan neque et nunc. Quisque ornare tortor at risus. Nunc ac sem ut dolor dapibus gravida. Aliquam tincidunt, nunc ac mattis ornare, lectus ante dictum mi, ac mattis velit justo nec ante. Maecenas mi felis, adipiscing fringilla, porttitor vulputate, posuere vulputate, lacus. Cras interdum. Nunc sollicitudin commodo ipsum. Suspendisse non leo. Vivamus nibh dolor, nonummy ac, feugiat non, lobortis quis, pede. Suspendisse dui. Fusce diam nunc, ullamcorper eu, euismod ac, fermentum vel, mauris. Integer sem elit, pharetra ut, pharetra|7315-0820-32-3340912870|444|1
39|sit amet ornare lectus justo eu|ultricies dignissim lacus. Aliquam rutrum|imperdiet ullamcorper. Duis at lacus. Quisque purus sapien, gravida non,|37342435-L|dui, nec tempus mauris erat eget ipsum. Suspendisse sagittis. Nullam vitae diam. Proin dolor. Nulla semper tellus id nunc interdum feugiat. Sed nec metus facilisis lorem tristique aliquet. Phasellus fermentum convallis ligula. Donec luctus aliquet odio. Etiam ligula tortor, dictum eu, placerat eget, venenatis a, magna. Lorem ipsum dolor sit amet, consectetuer adipiscing elit. Etiam laoreet, libero et tristique pellentesque, tellus sem mollis dui, in sodales elit erat vitae risus. Duis|8028-9317-11-2662893193|467|28
40|eu nulla at sem molestie sodales. Mauris blandit enim consequat|nunc risus varius orci, in consequat|sit amet, consectetuer adipiscing elit. Aliquam auctor, velit|24943984-R|urna convallis erat, eget tincidunt dui augue eu tellus. Phasellus elit pede, malesuada vel, venenatis vel, faucibus id, libero. Donec consectetuer mauris id sapien. Cras dolor dolor, tempus non, lacinia at, iaculis quis, pede. Praesent eu dui. Cum sociis natoque penatibus et magnis dis parturient montes, nascetur ridiculus mus. Aenean eget magna. Suspendisse tristique neque venenatis lacus. Etiam bibendum fermentum metus. Aenean sed pede nec ante blandit viverra. Donec tempus, lorem fringilla ornare placerat, orci lacus vestibulum lorem, sit amet ultricies sem magna nec quam. Curabitur vel lectus. Cum sociis natoque penatibus et magnis dis parturient|9531-3355-29-0960883243|483|26
41|Morbi non sapien molestie orci tincidunt|dignissim magna a tortor. Nunc commodo auctor velit. Aliquam|magna a tortor. Nunc commodo auctor velit. Aliquam nisl. Nulla|38270605-F|molestie tortor nibh sit amet orci. Ut sagittis lobortis mauris. Suspendisse aliquet molestie tellus. Aenean egestas hendrerit neque. In ornare sagittis felis. Donec tempor, est ac mattis semper, dui lectus rutrum urna, nec luctus felis purus ac tellus. Suspendisse sed|3213-0973-40-8247574261|554|8
42|mauris, aliquam eu, accumsan sed, facilisis vitae, orci.|elementum sem, vitae aliquam eros turpis|quis, pede. Praesent eu dui. Cum|65979976-I|eget ipsum. Suspendisse sagittis. Nullam vitae diam. Proin dolor. Nulla semper tellus id nunc interdum feugiat. Sed nec metus facilisis lorem tristique|1429-9931-65-7199702929|588|10
43|imperdiet, erat nonummy ultricies ornare, elit elit fermentum risus,|tellus. Aenean egestas hendrerit neque.|luctus et ultrices posuere cubilia|23642645-U|Vivamus non lorem vitae odio sagittis semper. Nam tempor diam dictum sapien. Aenean massa. Integer|4204-0079-36-5248029541|778|7
44|auctor odio a purus. Duis elementum, dui quis accumsan convallis,|libero. Proin sed turpis nec mauris blandit mattis.|consectetuer euismod est arcu ac orci.|67972989-Y|ullamcorper. Duis cursus, diam at pretium aliquet, metus urna convallis erat, eget tincidunt dui augue eu tellus. Phasellus elit pede, malesuada vel, venenatis vel, faucibus id, libero.|4412-4429-84-7629576193|762|16
45|per inceptos hymenaeos. Mauris ut quam vel sapien imperdiet ornare.|eu tempor erat neque non quam. Pellentesque|pretium et, rutrum non, hendrerit id,|46959491-K|ultricies ligula. Nullam enim. Sed nulla ante, iaculis nec, eleifend non, dapibus rutrum, justo. Praesent luctus. Curabitur egestas nunc sed libero. Proin sed turpis nec mauris blandit mattis. Cras eget nisi dictum augue malesuada malesuada. Integer id magna et ipsum cursus vestibulum. Mauris magna. Duis dignissim tempor arcu. Vestibulum ut eros non enim commodo hendrerit. Donec porttitor tellus non magna. Nam ligula elit, pretium et, rutrum non, hendrerit id, ante. Nunc mauris sapien, cursus in, hendrerit consectetuer, cursus et, magna. Praesent interdum ligula eu enim. Etiam imperdiet|1481-0571-41-9144068884|344|27
46|risus a ultricies adipiscing, enim mi tempor|enim commodo hendrerit. Donec porttitor tellus non magna. Nam ligula|ligula. Donec luctus aliquet odio. Etiam|14296243-J|sodales purus, in molestie tortor nibh sit amet orci. Ut sagittis lobortis mauris. Suspendisse aliquet molestie tellus. Aenean egestas hendrerit neque. In ornare sagittis felis. Donec tempor, est ac mattis semper, dui lectus rutrum urna, nec luctus felis purus ac tellus. Suspendisse sed dolor. Fusce mi lorem, vehicula et, rutrum eu, ultrices sit amet, risus. Donec nibh enim, gravida sit amet, dapibus id, blandit at, nisi. Cum sociis natoque penatibus et magnis dis parturient montes, nascetur ridiculus mus. Proin vel nisl. Quisque fringilla euismod enim. Etiam gravida molestie arcu. Sed eu nibh vulputate mauris sagittis|2097-1569-40-3942332969|011|1
47|in consequat enim diam vel arcu. Curabitur ut odio|Maecenas libero est, congue a, aliquet vel,|non, bibendum sed, est. Nunc laoreet lectus quis massa.|60558614-Q|natoque penatibus et magnis dis parturient montes, nascetur ridiculus mus. Proin vel nisl. Quisque fringilla euismod enim. Etiam gravida molestie arcu. Sed eu nibh vulputate mauris sagittis placerat. Cras dictum ultricies ligula. Nullam enim. Sed nulla ante, iaculis nec, eleifend non, dapibus rutrum, justo. Praesent luctus. Curabitur egestas nunc sed libero. Proin sed turpis nec mauris blandit mattis. Cras eget nisi dictum augue malesuada|9502-8447-14-8268003287|892|14
48|accumsan laoreet ipsum. Curabitur consequat, lectus sit amet luctus|ornare. In faucibus. Morbi vehicula. Pellentesque tincidunt tempus|dui nec urna suscipit nonummy. Fusce fermentum fermentum|84787621-K|eros non enim commodo hendrerit. Donec porttitor tellus non magna. Nam ligula elit, pretium et, rutrum non, hendrerit id, ante. Nunc mauris sapien, cursus in, hendrerit consectetuer, cursus et, magna. Praesent interdum ligula eu enim. Etiam imperdiet dictum magna. Ut tincidunt orci quis lectus.|2621-6249-12-8042838191|948|23
49|ipsum sodales purus, in molestie|enim, sit amet ornare lectus|in consequat enim diam vel arcu. Curabitur ut odio vel|81002736-S|fames ac turpis egestas. Aliquam fringilla cursus purus. Nullam scelerisque neque sed sem egestas blandit. Nam nulla magna, malesuada vel, convallis in, cursus et, eros. Proin ultrices. Duis volutpat nunc sit amet metus. Aliquam erat volutpat. Nulla facilisis. Suspendisse commodo tincidunt nibh. Phasellus nulla. Integer vulputate, risus a ultricies adipiscing,|4537-3764-67-4062212597|317|14
50|hendrerit. Donec porttitor tellus non magna.|euismod in, dolor. Fusce feugiat. Lorem ipsum dolor sit|ad litora torquent per conubia nostra,|87725102-P|dui. Fusce diam nunc, ullamcorper eu, euismod ac, fermentum vel, mauris. Integer sem elit, pharetra ut, pharetra sed, hendrerit a, arcu. Sed et libero. Proin mi. Aliquam gravida mauris ut mi. Duis risus odio, auctor vitae, aliquet nec, imperdiet nec, leo. Morbi neque tellus, imperdiet non, vestibulum nec, euismod in, dolor. Fusce feugiat. Lorem ipsum dolor sit amet, consectetuer adipiscing elit. Aliquam auctor, velit eget laoreet posuere, enim nisl elementum purus, accumsan interdum|0762-0755-72-9803251184|062|9
51|rutrum lorem ac risus. Morbi|ullamcorper viverra. Maecenas iaculis aliquet diam.|consectetuer adipiscing elit. Aliquam auctor, velit eget laoreet posuere, enim|39702777-H|at risus. Nunc ac sem ut dolor dapibus gravida. Aliquam tincidunt, nunc ac mattis ornare, lectus ante dictum mi, ac mattis velit justo nec ante. Maecenas mi felis, adipiscing fringilla, porttitor vulputate, posuere vulputate, lacus. Cras interdum. Nunc sollicitudin commodo ipsum. Suspendisse non leo. Vivamus nibh dolor, nonummy ac, feugiat non, lobortis quis, pede. Suspendisse dui. Fusce diam nunc,|2495-6578-32-8941184474|872|25
52|amet, consectetuer adipiscing elit. Curabitur|In scelerisque scelerisque dui. Suspendisse ac metus vitae|vel, vulputate eu, odio. Phasellus at|64560218-A|nonummy ipsum non arcu. Vivamus sit amet risus. Donec egestas. Aliquam nec enim. Nunc ut erat. Sed nunc est, mollis non, cursus non, egestas a, dui. Cras pellentesque. Sed dictum. Proin eget odio. Aliquam vulputate ullamcorper magna. Sed eu eros. Nam consequat dolor vitae dolor. Donec fringilla. Donec feugiat metus sit amet ante. Vivamus non lorem vitae odio sagittis|8550-6341-19-0918915646|392|1
53|sed dui. Fusce aliquam, enim|sed sem egestas blandit. Nam nulla|vitae erat vel pede blandit congue. In|93253998-C|ipsum primis in faucibus orci luctus et ultrices posuere cubilia Curae; Donec tincidunt. Donec vitae|0989-9045-41-9349381239|161|20
54|dui. Cras pellentesque. Sed dictum.|in, cursus et, eros. Proin ultrices. Duis volutpat|tempus, lorem fringilla ornare placerat, orci|62642547-E|lorem. Donec elementum, lorem ut aliquam iaculis, lacus pede sagittis augue, eu tempor erat neque non quam. Pellentesque habitant morbi tristique senectus et netus et malesuada fames ac turpis egestas. Aliquam fringilla cursus purus. Nullam scelerisque neque sed sem egestas blandit. Nam nulla magna, malesuada vel, convallis in, cursus et, eros. Proin ultrices. Duis volutpat nunc sit amet metus. Aliquam erat volutpat. Nulla facilisis. Suspendisse commodo tincidunt nibh. Phasellus nulla. Integer vulputate, risus a ultricies adipiscing, enim mi tempor lorem, eget mollis lectus pede et risus. Quisque libero lacus, varius et, euismod|1221-6138-52-0237253160|796|6
55|luctus lobortis. Class aptent taciti sociosqu|adipiscing elit. Curabitur sed tortor. Integer aliquam adipiscing lacus.|quis lectus. Nullam suscipit, est ac facilisis|85817530-J|eu, ligula. Aenean euismod mauris eu elit. Nulla facilisi. Sed neque. Sed eget lacus. Mauris non dui nec urna suscipit nonummy. Fusce fermentum fermentum arcu. Vestibulum ante ipsum primis in faucibus orci luctus et ultrices posuere cubilia Curae; Phasellus ornare. Fusce mollis. Duis sit amet diam eu dolor egestas rhoncus. Proin nisl sem, consequat nec, mollis vitae, posuere at, velit. Cras lorem lorem, luctus ut, pellentesque eget, dictum placerat, augue. Sed molestie. Sed id risus quis diam luctus lobortis. Class aptent taciti sociosqu ad litora torquent per conubia nostra, per inceptos|4161-3155-85-2824051097|956|5
56|sem, vitae aliquam eros turpis non|rhoncus. Proin nisl sem, consequat nec, mollis vitae,|a sollicitudin orci sem eget massa. Suspendisse eleifend.|49501916-L|Class aptent taciti sociosqu ad litora torquent per conubia nostra,|7852-8039-91-9470795940|445|15
57|adipiscing non, luctus sit amet, faucibus ut, nulla.|augue. Sed molestie. Sed id risus quis diam luctus|Nulla eu neque pellentesque massa lobortis ultrices. Vivamus rhoncus. Donec|56508301-J|Donec sollicitudin adipiscing ligula. Aenean gravida nunc sed pede. Cum sociis|2503-2091-49-6841498785|240|7
58|sollicitudin orci sem eget massa. Suspendisse|odio vel est tempor bibendum. Donec|a, auctor non, feugiat nec, diam. Duis mi enim,|70884083-G|Morbi sit amet massa. Quisque porttitor eros nec tellus. Nunc lectus pede, ultrices a, auctor non, feugiat nec, diam. Duis mi enim, condimentum eget, volutpat ornare, facilisis eget, ipsum. Donec sollicitudin adipiscing ligula. Aenean gravida nunc sed pede. Cum sociis natoque|8279-6784-53-6938271654|452|9
59|nec ligula consectetuer rhoncus. Nullam velit dui, semper et, lacinia|amet ornare lectus justo eu arcu.|euismod enim. Etiam gravida molestie arcu. Sed eu|64734412-W|enim, gravida sit amet, dapibus id, blandit at, nisi. Cum sociis natoque penatibus et magnis dis parturient montes, nascetur ridiculus mus. Proin vel nisl. Quisque fringilla euismod enim. Etiam gravida molestie arcu. Sed eu nibh vulputate mauris sagittis placerat. Cras dictum ultricies ligula. Nullam enim. Sed nulla ante, iaculis nec, eleifend non, dapibus rutrum, justo. Praesent luctus. Curabitur egestas nunc sed libero. Proin sed turpis nec mauris blandit mattis. Cras eget|4683-9655-10-0633565820|468|25
60|ac arcu. Nunc mauris. Morbi|ligula. Aenean gravida nunc sed|dis parturient montes, nascetur ridiculus|86370235-V|Duis dignissim tempor arcu. Vestibulum ut eros non enim commodo hendrerit. Donec porttitor tellus non magna. Nam ligula elit, pretium et, rutrum non, hendrerit id, ante. Nunc mauris sapien, cursus in, hendrerit consectetuer, cursus et, magna. Praesent interdum ligula eu enim. Etiam imperdiet dictum magna. Ut tincidunt orci|8092-6575-87-0459589906|769|14
61|pede, nonummy ut, molestie in, tempus eu, ligula.|non dui nec urna suscipit nonummy. Fusce fermentum fermentum|sit amet diam eu dolor|89371928-N|interdum ligula eu enim. Etiam imperdiet dictum magna. Ut tincidunt orci quis lectus. Nullam suscipit, est ac facilisis|5514-1040-00-8703321523|317|3
62|vel lectus. Cum sociis natoque penatibus|risus. Donec egestas. Aliquam nec enim. Nunc|dui. Fusce aliquam, enim nec tempus|67082296-I|Aliquam nisl. Nulla eu neque pellentesque massa lobortis ultrices. Vivamus rhoncus. Donec est. Nunc ullamcorper, velit in aliquet lobortis, nisi nibh lacinia orci, consectetuer euismod est arcu ac orci. Ut semper pretium neque. Morbi quis urna. Nunc quis arcu vel quam dignissim pharetra. Nam ac nulla. In tincidunt congue turpis. In condimentum. Donec at arcu. Vestibulum ante ipsum primis in faucibus orci luctus et ultrices posuere cubilia Curae; Donec tincidunt. Donec vitae erat vel pede blandit congue. In scelerisque scelerisque dui. Suspendisse ac metus vitae velit egestas lacinia. Sed congue, elit sed consequat auctor, nunc nulla vulputate|1675-0966-20-9370644769|449|10
63|Sed eget lacus. Mauris non dui nec urna suscipit|risus. Morbi metus. Vivamus euismod urna.|Phasellus vitae mauris sit amet lorem semper auctor.|07882889-M|et pede. Nunc sed orci lobortis augue scelerisque mollis. Phasellus libero mauris, aliquam eu,|4485-1308-99-3496019460|549|11
64|sem. Pellentesque ut ipsum ac mi eleifend egestas.|tincidunt dui augue eu tellus. Phasellus|arcu. Vestibulum ante ipsum primis in|67653783-R|sem, consequat nec, mollis vitae, posuere at, velit. Cras lorem lorem, luctus ut, pellentesque eget, dictum placerat, augue. Sed molestie. Sed id risus quis diam luctus lobortis. Class aptent taciti sociosqu ad litora torquent per conubia nostra, per inceptos hymenaeos. Mauris ut quam vel sapien imperdiet ornare. In faucibus. Morbi vehicula. Pellentesque tincidunt tempus risus. Donec egestas. Duis ac arcu. Nunc mauris. Morbi non sapien molestie orci tincidunt adipiscing. Mauris molestie pharetra nibh. Aliquam ornare, libero at auctor ullamcorper, nisl arcu iaculis|9216-2357-96-2365047679|346|24
65|eu tellus eu augue porttitor interdum. Sed auctor odio|semper. Nam tempor diam dictum sapien. Aenean massa. Integer|nec tempus scelerisque, lorem ipsum|31657983-R|vulputate, lacus. Cras interdum. Nunc sollicitudin commodo ipsum. Suspendisse non leo. Vivamus nibh dolor, nonummy ac, feugiat non, lobortis quis, pede. Suspendisse dui. Fusce diam nunc, ullamcorper eu, euismod ac, fermentum vel, mauris. Integer sem elit, pharetra ut, pharetra sed, hendrerit a, arcu. Sed et libero. Proin mi. Aliquam gravida mauris ut mi. Duis risus odio, auctor vitae, aliquet nec, imperdiet nec, leo. Morbi neque tellus, imperdiet non, vestibulum nec, euismod in, dolor. Fusce feugiat. Lorem ipsum dolor sit amet, consectetuer adipiscing elit. Aliquam auctor,|9255-2029-72-2291047152|569|4
66|ultricies adipiscing, enim mi tempor lorem, eget|congue. In scelerisque scelerisque dui. Suspendisse ac metus vitae velit|Cras vulputate velit eu sem. Pellentesque ut ipsum|74039232-F|eros non enim commodo hendrerit. Donec porttitor tellus non magna. Nam ligula elit, pretium et, rutrum non, hendrerit id,|4355-4935-45-1142532290|941|10
67|justo faucibus lectus, a sollicitudin orci sem|Morbi quis urna. Nunc quis arcu vel quam dignissim|ligula tortor, dictum eu, placerat eget, venenatis a,|20186579-D|vel nisl. Quisque fringilla euismod enim. Etiam gravida molestie arcu. Sed eu nibh vulputate mauris sagittis placerat. Cras dictum ultricies ligula. Nullam enim. Sed nulla ante, iaculis nec, eleifend non, dapibus|2305-8481-39-1804241908|210|2
68|nunc sed libero. Proin sed turpis nec mauris blandit|faucibus orci luctus et ultrices posuere cubilia Curae; Donec|senectus et netus et malesuada fames ac turpis egestas.|29435273-K|ultrices a, auctor non, feugiat nec, diam. Duis mi enim, condimentum eget, volutpat ornare, facilisis eget, ipsum. Donec|5839-1800-99-2003851622|816|5
69|ante dictum mi, ac mattis velit justo nec ante.|lobortis augue scelerisque mollis. Phasellus libero mauris, aliquam eu, accumsan|aliquet nec, imperdiet nec, leo. Morbi neque|38878969-B|Proin ultrices. Duis volutpat nunc sit amet metus. Aliquam erat volutpat. Nulla facilisis. Suspendisse commodo tincidunt nibh. Phasellus nulla. Integer vulputate, risus a ultricies adipiscing, enim mi tempor lorem, eget mollis lectus pede et risus. Quisque libero lacus, varius et, euismod et, commodo at, libero. Morbi accumsan laoreet ipsum. Curabitur consequat, lectus sit amet luctus vulputate, nisi sem semper erat,|3696-5481-60-0871560500|989|20
70|et risus. Quisque libero lacus, varius et, euismod et,|dolor dolor, tempus non, lacinia at,|aliquam iaculis, lacus pede sagittis augue, eu tempor erat neque|52449088-D|enim mi tempor lorem, eget mollis lectus pede et risus. Quisque libero lacus, varius et, euismod et, commodo at, libero. Morbi accumsan laoreet ipsum. Curabitur consequat, lectus sit amet luctus vulputate, nisi sem semper erat, in consectetuer ipsum nunc id enim. Curabitur massa. Vestibulum accumsan neque et nunc. Quisque ornare tortor at risus. Nunc ac sem ut dolor dapibus gravida. Aliquam tincidunt,|1463-9335-34-4231924512|147|16
71|sodales elit erat vitae risus. Duis a|faucibus orci luctus et ultrices posuere cubilia|rutrum. Fusce dolor quam, elementum at, egestas a, scelerisque sed,|10484417-Y|pede, nonummy ut, molestie in, tempus eu, ligula. Aenean euismod mauris eu elit. Nulla facilisi. Sed neque. Sed eget lacus. Mauris non dui nec urna suscipit nonummy. Fusce fermentum fermentum arcu. Vestibulum ante ipsum primis in faucibus orci luctus et ultrices posuere cubilia Curae; Phasellus ornare. Fusce mollis. Duis sit amet diam eu dolor egestas|4755-6702-92-3309784984|199|27
72|condimentum eget, volutpat ornare, facilisis eget,|a, dui. Cras pellentesque. Sed|et, magna. Praesent interdum ligula eu|36382962-G|Suspendisse sed dolor. Fusce mi lorem, vehicula et, rutrum eu, ultrices sit amet, risus. Donec nibh enim, gravida sit amet, dapibus id, blandit at, nisi. Cum sociis natoque penatibus et magnis dis parturient montes, nascetur ridiculus mus. Proin vel nisl. Quisque fringilla euismod enim. Etiam gravida molestie arcu. Sed eu nibh vulputate mauris sagittis placerat. Cras dictum ultricies|6855-6496-24-7137467593|957|22
73|eu neque pellentesque massa lobortis ultrices. Vivamus rhoncus. Donec|at, egestas a, scelerisque sed, sapien. Nunc|erat, in consectetuer ipsum nunc id enim. Curabitur massa. Vestibulum|55711451-B|cursus et, magna. Praesent interdum ligula eu enim. Etiam imperdiet dictum magna. Ut tincidunt orci quis lectus. Nullam suscipit, est ac facilisis facilisis, magna tellus faucibus leo, in lobortis tellus justo sit amet nulla. Donec non justo. Proin non massa non ante bibendum ullamcorper. Duis cursus, diam at pretium aliquet, metus urna convallis erat, eget tincidunt dui augue eu tellus. Phasellus elit pede, malesuada vel, venenatis vel, faucibus id, libero. Donec consectetuer mauris id sapien. Cras dolor dolor, tempus non, lacinia at, iaculis quis, pede. Praesent eu|8095-4630-56-9137901900|568|20
74|lobortis. Class aptent taciti sociosqu ad litora torquent per|Morbi neque tellus, imperdiet non, vestibulum|a, enim. Suspendisse aliquet, sem ut|61156629-S|iaculis quis, pede. Praesent eu dui. Cum sociis natoque penatibus et magnis dis parturient montes, nascetur ridiculus mus. Aenean eget magna. Suspendisse tristique neque venenatis lacus. Etiam bibendum fermentum metus. Aenean sed pede nec ante blandit viverra. Donec tempus, lorem fringilla ornare placerat, orci lacus vestibulum lorem, sit amet ultricies sem magna nec quam. Curabitur vel lectus. Cum sociis natoque penatibus et magnis dis parturient montes, nascetur ridiculus mus. Donec dignissim magna a tortor. Nunc commodo auctor velit. Aliquam nisl.|6904-8158-25-4841664695|217|23
75|tristique ac, eleifend vitae, erat. Vivamus nisi. Mauris nulla.|nunc interdum feugiat. Sed nec|in sodales elit erat vitae|47752667-M|nunc sed pede. Cum sociis natoque penatibus et magnis dis parturient montes, nascetur ridiculus mus. Proin vel arcu eu odio tristique pharetra. Quisque ac libero nec ligula consectetuer rhoncus. Nullam velit dui, semper et, lacinia vitae, sodales at, velit. Pellentesque ultricies dignissim lacus. Aliquam rutrum lorem ac risus. Morbi metus. Vivamus euismod urna. Nullam lobortis quam a felis ullamcorper viverra. Maecenas iaculis aliquet diam. Sed diam lorem, auctor quis, tristique ac, eleifend vitae, erat. Vivamus nisi. Mauris nulla. Integer urna. Vivamus molestie dapibus ligula. Aliquam erat volutpat. Nulla dignissim.|9770-3449-40-2570310028|505|2
76|a, enim. Suspendisse aliquet, sem ut|ac, fermentum vel, mauris. Integer sem elit, pharetra ut,|Nullam suscipit, est ac facilisis facilisis, magna tellus|35305640-R|vulputate ullamcorper magna. Sed eu eros. Nam consequat dolor vitae dolor. Donec fringilla. Donec feugiat metus sit amet ante. Vivamus non lorem vitae odio sagittis semper. Nam tempor diam dictum sapien. Aenean massa. Integer vitae nibh. Donec est mauris, rhoncus id, mollis nec, cursus a, enim. Suspendisse aliquet, sem ut cursus luctus, ipsum leo elementum sem, vitae aliquam eros turpis non enim. Mauris quis turpis vitae purus gravida sagittis. Duis gravida. Praesent eu nulla at sem molestie sodales. Mauris blandit enim consequat purus. Maecenas libero est, congue a, aliquet vel, vulputate|8498-7098-27-4224441407|750|23
77|nunc interdum feugiat. Sed nec metus|rhoncus. Proin nisl sem, consequat nec,|elit, dictum eu, eleifend nec, malesuada ut,|32621330-G|consectetuer adipiscing elit. Etiam laoreet, libero et tristique pellentesque, tellus sem mollis dui, in sodales elit erat vitae risus. Duis a mi fringilla mi lacinia mattis. Integer eu lacus. Quisque imperdiet, erat nonummy ultricies ornare, elit elit fermentum risus, at fringilla purus mauris a nunc. In at pede. Cras vulputate velit eu sem. Pellentesque ut ipsum ac mi eleifend egestas. Sed pharetra, felis eget|6801-3528-50-5113396538|964|5
78|blandit. Nam nulla magna, malesuada vel, convallis in, cursus|consectetuer ipsum nunc id enim. Curabitur massa.|non arcu. Vivamus sit amet|77989332-E|tincidunt tempus risus. Donec egestas. Duis ac arcu. Nunc mauris. Morbi non sapien molestie orci tincidunt adipiscing. Mauris molestie pharetra nibh. Aliquam ornare, libero at auctor ullamcorper, nisl arcu iaculis enim, sit amet ornare lectus justo eu arcu. Morbi sit amet massa. Quisque porttitor eros nec tellus. Nunc lectus pede, ultrices a, auctor non, feugiat nec, diam. Duis mi enim, condimentum eget, volutpat ornare, facilisis eget, ipsum. Donec sollicitudin adipiscing ligula. Aenean gravida nunc sed pede. Cum sociis natoque penatibus et magnis dis parturient montes, nascetur ridiculus mus. Proin vel arcu|7041-3388-76-8319204115|895|20
79|lectus sit amet luctus vulputate, nisi sem semper erat, in|sed, facilisis vitae, orci. Phasellus|ipsum nunc id enim. Curabitur|38989217-E|magna. Phasellus dolor elit, pellentesque a, facilisis non, bibendum sed, est. Nunc laoreet lectus quis massa. Mauris vestibulum, neque sed dictum eleifend, nunc risus varius orci, in consequat enim diam vel arcu. Curabitur ut odio vel est tempor bibendum. Donec felis orci, adipiscing non, luctus sit amet, faucibus ut, nulla. Cras eu tellus eu augue porttitor interdum. Sed auctor odio a purus. Duis elementum, dui quis accumsan convallis, ante lectus convallis est, vitae sodales nisi magna sed dui. Fusce aliquam, enim nec tempus scelerisque, lorem ipsum sodales purus, in molestie tortor nibh sit amet orci. Ut|9359-5546-70-5652442551|831|20
80|porttitor scelerisque neque. Nullam nisl. Maecenas malesuada|mauris, rhoncus id, mollis nec, cursus a, enim. Suspendisse aliquet,|ipsum porta elit, a feugiat tellus lorem eu|55115779-L|porttitor vulputate, posuere vulputate, lacus. Cras interdum. Nunc sollicitudin commodo ipsum. Suspendisse non leo. Vivamus nibh dolor, nonummy ac, feugiat non, lobortis quis, pede. Suspendisse dui. Fusce diam nunc, ullamcorper eu, euismod ac, fermentum vel, mauris. Integer sem elit, pharetra ut, pharetra sed, hendrerit a, arcu. Sed et libero. Proin mi. Aliquam gravida|9152-5041-56-0976315474|025|7
81|Donec sollicitudin adipiscing ligula. Aenean gravida nunc sed pede.|orci. Ut semper pretium neque. Morbi quis urna. Nunc quis|nulla. Cras eu tellus eu augue porttitor interdum. Sed|67529124-H|Vivamus non lorem vitae odio sagittis semper. Nam tempor diam dictum sapien. Aenean massa. Integer vitae nibh. Donec est mauris, rhoncus id, mollis nec, cursus a, enim. Suspendisse aliquet, sem ut cursus luctus, ipsum leo elementum sem, vitae aliquam eros turpis non enim. Mauris quis turpis vitae purus gravida sagittis. Duis gravida. Praesent eu nulla at sem molestie sodales. Mauris blandit enim consequat purus. Maecenas libero est, congue a, aliquet vel, vulputate eu, odio. Phasellus at augue id ante dictum cursus. Nunc mauris|2789-0055-79-6058788462|138|11
82|mi. Duis risus odio, auctor vitae, aliquet|ut ipsum ac mi eleifend egestas. Sed pharetra,|dictum eleifend, nunc risus varius orci,|95284290-W|Cras interdum. Nunc sollicitudin commodo ipsum. Suspendisse non leo. Vivamus nibh dolor, nonummy ac, feugiat non, lobortis quis, pede. Suspendisse dui. Fusce diam nunc, ullamcorper eu, euismod ac, fermentum vel, mauris. Integer sem elit, pharetra ut, pharetra sed, hendrerit a, arcu. Sed et libero. Proin mi. Aliquam gravida mauris ut mi. Duis risus odio, auctor vitae, aliquet nec, imperdiet nec, leo. Morbi neque tellus, imperdiet non, vestibulum nec, euismod in,|4652-4319-93-1315611545|497|9
83|mollis. Integer tincidunt aliquam arcu. Aliquam ultrices|nulla. Cras eu tellus eu augue|mi tempor lorem, eget mollis lectus pede et risus. Quisque|44596037-A|vitae purus gravida sagittis. Duis gravida. Praesent eu nulla at sem molestie sodales. Mauris blandit enim consequat purus. Maecenas libero est, congue a, aliquet vel, vulputate eu, odio. Phasellus at augue id ante dictum cursus.|1636-2588-93-2815227716|152|3
84|lectus pede, ultrices a, auctor non,|a neque. Nullam ut nisi a odio|sociis natoque penatibus et magnis dis|24251509-K|per conubia nostra, per inceptos hymenaeos. Mauris ut quam vel sapien imperdiet ornare. In faucibus. Morbi vehicula. Pellentesque tincidunt tempus risus. Donec egestas. Duis ac arcu. Nunc mauris. Morbi non sapien molestie orci tincidunt adipiscing. Mauris molestie pharetra nibh. Aliquam ornare, libero at auctor ullamcorper, nisl arcu iaculis enim, sit amet ornare lectus justo eu arcu. Morbi sit amet massa. Quisque porttitor eros nec tellus. Nunc lectus pede, ultrices a, auctor non, feugiat nec, diam. Duis mi enim, condimentum eget, volutpat ornare, facilisis eget, ipsum. Donec sollicitudin adipiscing ligula. Aenean gravida nunc sed pede. Cum sociis natoque penatibus et|6842-0607-87-9490623760|003|17
85|hendrerit a, arcu. Sed et|aliquam eu, accumsan sed, facilisis vitae, orci. Phasellus|Praesent eu dui. Cum sociis natoque penatibus|30472542-I|tortor. Integer aliquam adipiscing lacus. Ut nec urna et arcu imperdiet ullamcorper. Duis at lacus. Quisque purus sapien, gravida non, sollicitudin a, malesuada id, erat. Etiam vestibulum massa rutrum magna. Cras convallis convallis dolor. Quisque tincidunt pede|2792-4262-87-2907004140|445|7
86|orci. Donec nibh. Quisque nonummy ipsum non arcu. Vivamus|nunc, ullamcorper eu, euismod ac, fermentum vel, mauris. Integer|lacus. Ut nec urna et arcu imperdiet|96798125-J|suscipit nonummy. Fusce fermentum fermentum arcu. Vestibulum ante ipsum primis in faucibus orci luctus et ultrices posuere cubilia Curae; Phasellus|5033-1382-78-7149856896|754|21
87|leo, in lobortis tellus justo sit amet|auctor, velit eget laoreet posuere, enim nisl elementum purus, accumsan|Fusce aliquet magna a neque. Nullam ut nisi a odio|25159287-N|justo sit amet nulla. Donec non justo. Proin non massa non ante bibendum ullamcorper. Duis cursus, diam at pretium aliquet, metus urna convallis erat, eget tincidunt dui augue eu tellus. Phasellus elit pede, malesuada vel, venenatis vel, faucibus id, libero. Donec consectetuer mauris id sapien. Cras dolor dolor, tempus non, lacinia at, iaculis quis, pede. Praesent eu dui. Cum sociis natoque penatibus et magnis dis parturient|2702-6694-56-2109668669|810|12
88|nec, diam. Duis mi enim,|erat neque non quam. Pellentesque habitant|Phasellus nulla. Integer vulputate, risus a ultricies adipiscing, enim|40653312-T|lacus. Quisque imperdiet, erat nonummy ultricies ornare, elit elit fermentum risus, at fringilla purus mauris a nunc. In at pede. Cras vulputate velit eu sem. Pellentesque ut ipsum ac mi eleifend egestas. Sed pharetra, felis eget varius ultrices, mauris ipsum porta elit, a feugiat tellus lorem eu metus. In lorem. Donec elementum, lorem ut aliquam iaculis, lacus pede sagittis augue, eu tempor erat neque non quam. Pellentesque habitant morbi tristique senectus et netus et malesuada fames ac turpis egestas.|9988-6572-16-1375408386|893|11
89|Etiam bibendum fermentum metus. Aenean sed|mattis semper, dui lectus rutrum urna, nec luctus|Quisque ac libero nec ligula consectetuer rhoncus.|33222879-D|ligula eu enim. Etiam imperdiet dictum magna. Ut tincidunt orci quis lectus. Nullam suscipit, est ac facilisis facilisis, magna tellus faucibus leo, in lobortis tellus justo sit amet nulla. Donec non justo. Proin non massa non ante bibendum ullamcorper. Duis cursus, diam at pretium aliquet, metus urna convallis erat, eget tincidunt dui augue eu tellus. Phasellus elit pede, malesuada vel, venenatis vel, faucibus id, libero. Donec consectetuer mauris id sapien. Cras dolor dolor, tempus non, lacinia at, iaculis quis, pede. Praesent eu dui. Cum sociis natoque penatibus et magnis dis parturient montes, nascetur ridiculus mus. Aenean eget magna. Suspendisse|2338-8462-33-0264539073|305|18
90|sagittis felis. Donec tempor, est ac|lobortis risus. In mi pede, nonummy ut,|Suspendisse eleifend. Cras sed leo. Cras vehicula aliquet|89727663-W|Donec tempus, lorem fringilla ornare placerat, orci lacus vestibulum lorem, sit amet ultricies sem magna nec quam. Curabitur vel lectus. Cum sociis natoque penatibus et magnis dis parturient montes, nascetur ridiculus mus. Donec dignissim magna a tortor. Nunc commodo auctor velit. Aliquam nisl. Nulla eu neque pellentesque massa lobortis ultrices. Vivamus rhoncus. Donec est. Nunc ullamcorper, velit in aliquet lobortis, nisi nibh lacinia orci, consectetuer euismod est arcu ac orci. Ut semper pretium neque. Morbi quis urna. Nunc quis arcu vel quam dignissim pharetra. Nam ac nulla. In tincidunt congue turpis. In condimentum. Donec at arcu. Vestibulum ante ipsum primis|8232-8729-45-3419763937|725|1
91|euismod mauris eu elit. Nulla|Mauris eu turpis. Nulla aliquet. Proin velit. Sed malesuada|tempus, lorem fringilla ornare placerat,|19942815-S|aliquam arcu. Aliquam ultrices iaculis odio. Nam interdum enim non nisi. Aenean eget metus. In nec orci. Donec nibh. Quisque nonummy ipsum non arcu. Vivamus sit amet risus. Donec egestas. Aliquam nec enim. Nunc ut erat. Sed nunc est, mollis non, cursus non, egestas a, dui. Cras pellentesque. Sed dictum. Proin eget odio. Aliquam vulputate ullamcorper magna. Sed eu eros. Nam consequat dolor vitae dolor. Donec fringilla.|0129-8938-21-6466493899|999|14
92|nulla vulputate dui, nec tempus|et magnis dis parturient montes, nascetur ridiculus mus. Aenean|arcu iaculis enim, sit amet ornare lectus|75494398-D|lacus. Cras interdum. Nunc sollicitudin commodo ipsum. Suspendisse non leo. Vivamus nibh dolor, nonummy ac, feugiat non, lobortis quis, pede. Suspendisse dui. Fusce diam nunc, ullamcorper|7664-1570-57-0465541294|949|27
93|euismod mauris eu elit. Nulla facilisi. Sed neque. Sed eget|Vestibulum ante ipsum primis in faucibus orci luctus et ultrices|tristique senectus et netus et malesuada fames|61735983-Z|nibh. Quisque nonummy ipsum non arcu. Vivamus sit amet risus. Donec egestas. Aliquam nec enim. Nunc ut erat. Sed nunc est, mollis non, cursus non, egestas a, dui. Cras pellentesque. Sed dictum. Proin eget odio. Aliquam vulputate ullamcorper magna. Sed eu eros. Nam consequat|0775-3275-12-5514433174|881|5
94|aliquet magna a neque. Nullam ut nisi|at pede. Cras vulputate velit|bibendum sed, est. Nunc laoreet|90266583-E|mauris sapien, cursus in, hendrerit consectetuer, cursus et, magna. Praesent interdum|7571-0051-79-0612122926|838|16
95|tellus. Aenean egestas hendrerit neque. In ornare sagittis felis. Donec|nostra, per inceptos hymenaeos. Mauris ut quam|interdum. Sed auctor odio a purus. Duis elementum,|83055060-E|vitae, orci. Phasellus dapibus quam quis diam. Pellentesque habitant morbi tristique senectus et netus et malesuada fames ac turpis egestas. Fusce aliquet magna a neque. Nullam ut nisi a odio semper cursus. Integer mollis. Integer tincidunt aliquam arcu. Aliquam ultrices iaculis odio. Nam interdum enim non nisi. Aenean eget metus. In|2114-2361-63-0925870134|974|16
96|felis purus ac tellus. Suspendisse sed|velit. Quisque varius. Nam porttitor scelerisque|Etiam bibendum fermentum metus. Aenean sed pede nec ante|49763000-F|pharetra. Quisque ac libero nec ligula consectetuer rhoncus. Nullam velit dui, semper et, lacinia vitae, sodales at, velit. Pellentesque ultricies dignissim lacus. Aliquam rutrum lorem ac risus. Morbi metus. Vivamus euismod urna. Nullam lobortis quam a felis ullamcorper viverra. Maecenas iaculis aliquet diam. Sed diam lorem, auctor quis, tristique ac, eleifend vitae, erat. Vivamus nisi. Mauris nulla. Integer urna. Vivamus molestie dapibus ligula. Aliquam erat volutpat. Nulla dignissim. Maecenas ornare|2658-4385-72-5470722199|687|7
97|vitae velit egestas lacinia. Sed congue,|ipsum. Phasellus vitae mauris sit amet|ac mattis ornare, lectus ante dictum mi, ac mattis velit|51519948-O|non arcu. Vivamus sit amet risus. Donec egestas. Aliquam nec enim. Nunc ut erat. Sed nunc est, mollis non, cursus non, egestas a, dui. Cras pellentesque. Sed dictum.|0681-4146-04-2914197386|801|1
98|elementum sem, vitae aliquam eros|tellus lorem eu metus. In lorem. Donec elementum,|lobortis, nisi nibh lacinia orci, consectetuer euismod est arcu|98379894-L|vulputate, nisi sem semper erat, in consectetuer ipsum nunc id enim. Curabitur|6900-1974-84-3853978745|629|14
99|mollis dui, in sodales elit erat|tortor. Nunc commodo auctor velit. Aliquam nisl.|dictum eleifend, nunc risus varius orci,|58469566-A|ultrices iaculis odio. Nam interdum enim non nisi. Aenean eget metus. In nec orci. Donec nibh. Quisque nonummy ipsum non arcu. Vivamus sit amet risus. Donec egestas. Aliquam nec enim. Nunc ut erat. Sed nunc est, mollis non, cursus non, egestas a, dui. Cras pellentesque. Sed dictum. Proin eget odio. Aliquam vulputate ullamcorper magna. Sed eu|3467-3360-72-7022206920|504|6
100|arcu imperdiet ullamcorper. Duis at lacus. Quisque purus sapien, gravida|venenatis lacus. Etiam bibendum fermentum metus. Aenean sed pede nec|Nulla dignissim. Maecenas ornare egestas|73731077-E|imperdiet ullamcorper. Duis at lacus. Quisque purus sapien, gravida non, sollicitudin a, malesuada id, erat. Etiam vestibulum massa rutrum magna. Cras convallis convallis dolor. Quisque tincidunt pede ac urna. Ut tincidunt vehicula risus. Nulla eget metus eu erat semper rutrum. Fusce dolor quam, elementum at, egestas a, scelerisque sed, sapien. Nunc pulvinar arcu et pede. Nunc sed orci lobortis augue scelerisque|8521-8277-48-2524423137|865|8

