id|id_campanya|id_tipo|nombre|nombre1|nombre2|cif|comentarios|corriente|contable|diapago|direccion|nombre_pais|nombre_provincia|nombre_poblacion|nombre_codpostal|email|web|tel_fijo|tel_movil|fax
1|5|1|convallis ligula. Donec luctus aliquet odio. Etiam ligula tortor,|litora torquent per conubia nostra, per inceptos hymenaeos. Mauris ut|a feugiat tellus lorem eu metus. In lorem. Donec|75748754-Z|neque non quam. Pellentesque habitant morbi tristique senectus et netus et malesuada fames ac turpis egestas. Aliquam fringilla cursus purus. Nullam scelerisque neque sed sem egestas blandit. Nam nulla magna, malesuada vel, convallis in, cursus et, eros. Proin ultrices. Duis volutpat nunc sit amet metus. Aliquam erat volutpat. Nulla facilisis. Suspendisse commodo tincidunt nibh. Phasellus nulla. Integer vulputate, risus a ultricies adipiscing, enim mi tempor lorem, eget mollis lectus pede et risus. Quisque libero lacus, varius|4633-2235-48-0135814172|830|9|6926 Eget Ave|Puerto Rico|Florida|Biloxi|DS0 6NE|non@volutpatNulladignissim.org|http://www.hkvmdsewht.bom|95 640 82 14|692 109 710|93 138 38 68
2|10|1|egestas. Sed pharetra, felis eget|iaculis, lacus pede sagittis augue, eu tempor erat neque|rhoncus. Proin nisl sem, consequat nec, mollis vitae, posuere at,|53346495-T|sapien, cursus in, hendrerit consectetuer, cursus et, magna. Praesent interdum ligula eu enim. Etiam imperdiet dictum magna. Ut tincidunt|6876-1800-28-7181268050|683|1|571 Accumsan Av.|Netherlands Antilles|Ontario|Cerritos|96808|ipsum.Curabitur@egetmetuseu.ca|http://www.nwjoifnkwo.bom|91 441 56 26|612 570 666|95 565 05 86
3|9|1|ut, pellentesque eget, dictum placerat,|sem magna nec quam. Curabitur vel lectus. Cum sociis natoque|vitae dolor. Donec fringilla. Donec feugiat|16263534-U|posuere cubilia Curae; Phasellus ornare. Fusce mollis. Duis sit amet diam eu dolor egestas rhoncus. Proin nisl sem, consequat nec, mollis vitae, posuere at, velit. Cras lorem lorem, luctus ut, pellentesque eget, dictum placerat, augue. Sed molestie. Sed id risus quis diam luctus lobortis. Class aptent taciti sociosqu ad litora torquent per conubia nostra, per inceptos hymenaeos. Mauris ut quam vel sapien imperdiet ornare. In faucibus. Morbi vehicula. Pellentesque tincidunt tempus risus. Donec egestas. Duis ac arcu. Nunc mauris. Morbi non sapien molestie orci tincidunt adipiscing. Mauris molestie pharetra nibh. Aliquam|8584-0416-46-5056275806|079|19|5321 Eu, Rd.|Gabon|Arizona|Burlington|6692VS|euismod.est.arcu@magnisdisparturient.org|http://www.mnjoaibiev.pom|95 420 50 10|648 640 518|92 949 49 29
4|10|1|sapien molestie orci tincidunt adipiscing.|sit amet luctus vulputate, nisi sem semper erat, in|nunc sed pede. Cum sociis natoque penatibus et magnis|30490505-L|aliquam adipiscing lacus. Ut nec urna et arcu imperdiet ullamcorper. Duis at lacus. Quisque purus sapien, gravida non, sollicitudin a, malesuada id, erat. Etiam vestibulum massa rutrum magna. Cras convallis convallis dolor. Quisque tincidunt pede ac urna. Ut tincidunt vehicula risus. Nulla eget metus eu erat semper rutrum. Fusce dolor quam, elementum at, egestas a, scelerisque sed, sapien. Nunc pulvinar arcu et pede. Nunc sed orci lobortis augue scelerisque mollis. Phasellus libero mauris, aliquam|4213-4173-57-6562699573|977|25|4174 Sem Street|Rwanda|Z.-H.|Newton|H9T 5O6|amet.risus@maurisipsum.edu|http://www.foxcwumpjx.wom|91 544 28 06|693 568 033|91 822 07 10
5|6|1|facilisi. Sed neque. Sed eget lacus. Mauris non|lectus rutrum urna, nec luctus felis|neque. In ornare sagittis felis.|04923092-J|mattis velit justo nec ante. Maecenas mi felis, adipiscing fringilla, porttitor vulputate, posuere vulputate, lacus. Cras interdum. Nunc sollicitudin commodo ipsum. Suspendisse non leo. Vivamus nibh dolor, nonummy ac, feugiat non, lobortis quis, pede. Suspendisse dui. Fusce diam nunc, ullamcorper eu, euismod ac, fermentum vel, mauris. Integer sem elit, pharetra|2536-7189-16-0220843347|397|19|Ap #586-1090 Egestas. Ave|Zimbabwe|NL|Cape Coral|3632CQ|lectus.Nullam@dolornonummy.org|http://www.epvxdjadwj.som|97 396 11 85|652 284 340|99 995 15 30
6|8|1|nunc sit amet metus. Aliquam|Cras sed leo. Cras vehicula aliquet libero. Integer|natoque penatibus et magnis dis parturient montes, nascetur|75086842-A|sed, facilisis vitae, orci. Phasellus dapibus quam quis diam. Pellentesque habitant morbi tristique senectus et netus et malesuada fames ac turpis egestas. Fusce aliquet magna a neque. Nullam ut nisi a odio semper cursus. Integer mollis. Integer tincidunt aliquam arcu. Aliquam ultrices iaculis odio. Nam interdum enim non nisi. Aenean eget metus. In nec orci. Donec nibh. Quisque nonummy ipsum non arcu. Vivamus sit amet risus. Donec egestas. Aliquam nec enim. Nunc ut erat. Sed nunc est,|4155-0555-60-9686763126|876|22|703-5195 Ante Rd.|Algeria|AZ|Irwindale|C9 4VR|nunc.ullamcorper.eu@Mauriseuturpis.ca|http://www.sbqenxvaxo.bom|90 852 66 90|677 171 949|99 337 03 32
7|9|1|nec ante. Maecenas mi felis,|magnis dis parturient montes, nascetur|sem molestie sodales. Mauris blandit enim consequat purus. Maecenas libero|45311319-C|Donec vitae erat vel pede blandit congue. In scelerisque scelerisque dui. Suspendisse ac metus vitae velit egestas lacinia. Sed congue, elit sed consequat auctor, nunc nulla vulputate dui, nec tempus mauris erat eget ipsum. Suspendisse sagittis. Nullam vitae diam.|2222-1659-69-3985077678|122|9|514-7276 Suspendisse Rd.|South Georgia and The South Sandwich Islands|L.|Portland|RO17 3WJ|eget@eratVivamus.edu|http://www.wwqjijenjh.yom|96 694 86 14|637 500 441|92 952 83 82
8|7|1|in felis. Nulla tempor augue ac ipsum.|dignissim pharetra. Nam ac nulla. In tincidunt congue|augue ac ipsum. Phasellus vitae|31617761-M|eu, ligula. Aenean euismod mauris eu elit. Nulla facilisi. Sed neque. Sed eget lacus. Mauris non dui nec urna suscipit nonummy. Fusce fermentum fermentum arcu. Vestibulum ante ipsum primis in faucibus|5666-9611-55-9712137849|265|12|P.O. Box 602, 7980 Vitae Street|Faroe Islands|NL|Muncie|I8F 5D9|non.lacinia@diamatpretium.edu|http://www.naqwcfrjzz.kom|93 924 02 06|624 449 643|92 394 99 17
9|0|1|sed, est. Nunc laoreet lectus quis massa.|enim diam vel arcu. Curabitur ut|aliquet lobortis, nisi nibh lacinia orci, consectetuer euismod est|30142215-Q|gravida. Aliquam tincidunt, nunc ac mattis ornare, lectus ante dictum mi, ac mattis velit justo nec ante. Maecenas mi felis, adipiscing fringilla, porttitor vulputate, posuere vulputate, lacus. Cras interdum. Nunc sollicitudin commodo ipsum. Suspendisse non leo. Vivamus nibh dolor, nonummy ac, feugiat non, lobortis quis, pede. Suspendisse dui. Fusce diam nunc, ullamcorper eu, euismod ac, fermentum vel, mauris. Integer sem elit, pharetra ut, pharetra|5238-4789-77-0584927404|806|7|818-4859 Libero Av.|Virgin Islands, British|NAI|Oxford|F2C 1OV|Duis.dignissim@ut.org|http://www.xqxtarfzlg.fom|95 185 84 23|604 625 101|97 353 22 29
10|2|1|eget, dictum placerat, augue. Sed|Proin velit. Sed malesuada augue ut lacus.|ut, pharetra sed, hendrerit a, arcu. Sed|52546777-D|nunc ac mattis ornare, lectus ante dictum mi, ac mattis velit justo nec ante. Maecenas mi felis, adipiscing fringilla, porttitor vulputate, posuere vulputate, lacus. Cras interdum. Nunc sollicitudin commodo ipsum. Suspendisse non leo. Vivamus nibh dolor, nonummy ac, feugiat non, lobortis quis, pede. Suspendisse dui.|7599-3356-57-9408621061|596|28|Ap #404-5503 Ligula Road|Botswana|ANS|Brookings|O4L 1TQ|nulla@mauriserateget.com|http://www.lszvlikopr.hom|98 824 69 50|651 503 365|98 321 80 16
11|5|1|sapien. Nunc pulvinar arcu et|sagittis. Nullam vitae diam. Proin|ac, feugiat non, lobortis quis, pede.|65425031-E|vitae nibh. Donec est mauris, rhoncus id, mollis nec, cursus a, enim. Suspendisse aliquet, sem ut cursus luctus, ipsum leo elementum sem, vitae aliquam eros turpis non enim. Mauris quis turpis vitae purus gravida sagittis. Duis gravida. Praesent eu nulla at sem molestie sodales. Mauris blandit enim consequat purus. Maecenas libero est, congue a, aliquet vel, vulputate eu, odio. Phasellus at augue id ante dictum cursus. Nunc mauris elit, dictum eu, eleifend nec, malesuada ut, sem. Nulla interdum. Curabitur dictum. Phasellus in felis. Nulla tempor augue ac ipsum. Phasellus vitae mauris sit amet lorem semper auctor.|5370-1132-03-4789789519|173|13|5007 Risus. Road|Mali|Drenthe|La Puente|92680|eu.tempor@Suspendisseac.ca|http://www.vnehwncjbw.bom|91 942 00 65|654 481 396|91 649 49 17
12|9|1|nec urna suscipit nonummy. Fusce fermentum fermentum arcu. Vestibulum|quis, pede. Praesent eu dui. Cum sociis natoque penatibus|a nunc. In at pede. Cras|56066612-E|non enim. Mauris quis turpis vitae purus gravida sagittis. Duis gravida. Praesent eu nulla at sem molestie sodales. Mauris blandit enim consequat purus. Maecenas libero est, congue a, aliquet vel, vulputate eu, odio. Phasellus at augue id ante dictum cursus. Nunc mauris elit, dictum eu, eleifend nec, malesuada ut, sem. Nulla interdum. Curabitur dictum. Phasellus in felis. Nulla tempor augue ac ipsum. Phasellus vitae mauris sit amet lorem semper auctor. Mauris|3910-1740-14-2828645373|833|15|Ap #401-2690 Fames St.|Hong Kong|LKS|Miami|47612|consequat@nec.com|http://www.kyvmaouhyh.xom|93 948 35 58|603 380 412|98 171 57 09
13|7|1|ipsum dolor sit amet, consectetuer adipiscing elit. Aliquam auctor,|interdum enim non nisi. Aenean eget metus. In|sem egestas blandit. Nam nulla magna, malesuada vel, convallis in,|03738229-P|Lorem ipsum dolor sit amet, consectetuer adipiscing elit. Etiam laoreet, libero et tristique pellentesque, tellus sem mollis dui, in sodales elit erat vitae risus. Duis a mi fringilla mi lacinia mattis. Integer eu lacus. Quisque imperdiet, erat nonummy ultricies ornare, elit elit fermentum risus, at fringilla purus mauris a nunc. In at pede. Cras vulputate velit|6998-8069-53-0505301489|427|22|886 Ullamcorper Avenue|Mali|West Riding of Yorkshire|Dunkirk|29983|porttitor.vulputate.posuere@etmalesuadafames.ca|http://www.fbpzeozgcm.fom|92 992 18 84|627 626 466|94 343 55 95
14|8|1|Integer aliquam adipiscing lacus. Ut nec urna et|amet, consectetuer adipiscing elit. Curabitur sed tortor. Integer|fringilla cursus purus. Nullam scelerisque|91009942-Q|risus. Donec nibh enim, gravida sit amet, dapibus id, blandit at, nisi. Cum sociis natoque penatibus et magnis dis parturient montes, nascetur ridiculus mus.|3619-0444-09-3678174183|004|5|Ap #316-9594 Laoreet Street|Singapore|New Mexico|Jamestown|0312BQ|ipsum.Suspendisse@luctussitamet.ca|http://www.kpysgfrbyy.nom|98 101 79 63|626 648 702|96 066 42 61
15|5|1|id, ante. Nunc mauris sapien, cursus in, hendrerit consectetuer, cursus|venenatis a, magna. Lorem ipsum dolor sit amet, consectetuer|et, magna. Praesent interdum ligula|90760303-B|arcu ac orci. Ut semper pretium neque. Morbi quis urna. Nunc quis arcu vel quam dignissim pharetra. Nam ac nulla. In tincidunt congue turpis. In condimentum. Donec at arcu. Vestibulum ante ipsum primis in faucibus orci luctus et ultrices posuere cubilia Curae; Donec tincidunt. Donec vitae erat vel pede blandit congue. In scelerisque scelerisque dui. Suspendisse ac metus vitae velit egestas lacinia. Sed congue, elit sed consequat auctor, nunc nulla vulputate dui, nec tempus mauris erat|9481-1888-31-4572339135|043|21|8193 Sit Ave|Sierra Leone|IL|Vallejo|30754|lorem@massaSuspendisse.edu|http://www.qwkjkddfxq.vom|96 515 74 36|603 910 451|99 150 74 41
16|8|1|aliquam adipiscing lacus. Ut nec urna|sagittis augue, eu tempor erat neque non|Suspendisse aliquet, sem ut cursus luctus, ipsum leo elementum|49713073-M|sed dictum eleifend, nunc risus varius orci, in consequat enim diam vel arcu. Curabitur ut odio vel est tempor bibendum. Donec felis orci, adipiscing non, luctus sit amet, faucibus ut, nulla. Cras eu tellus eu augue porttitor interdum. Sed auctor odio a purus. Duis elementum, dui quis accumsan convallis, ante lectus convallis est, vitae sodales nisi magna sed dui. Fusce aliquam, enim nec tempus scelerisque, lorem ipsum sodales purus, in molestie tortor nibh sit|5106-1122-86-6942247018|416|17|824-1910 Dui Ave|Barbados|Co. Kerry|Edina|2664CK|sit.amet@ullamcorper.com|http://www.xowqyruayo.hom|91 975 64 88|680 545 689|99 193 05 26
17|4|1|vel arcu. Curabitur ut odio vel est|a, scelerisque sed, sapien. Nunc pulvinar arcu et pede. Nunc|vehicula risus. Nulla eget metus eu erat semper rutrum.|04669447-N|lobortis risus. In mi pede, nonummy ut, molestie in, tempus eu, ligula. Aenean euismod mauris eu elit. Nulla facilisi. Sed neque. Sed eget lacus. Mauris non dui nec urna suscipit nonummy. Fusce fermentum fermentum arcu. Vestibulum ante ipsum primis in faucibus orci luctus et ultrices posuere cubilia Curae; Phasellus ornare. Fusce mollis. Duis sit amet diam eu dolor egestas rhoncus. Proin nisl sem, consequat nec, mollis vitae, posuere at, velit. Cras lorem lorem, luctus ut, pellentesque eget, dictum placerat, augue. Sed molestie. Sed id risus quis diam luctus lobortis. Class aptent taciti sociosqu ad litora torquent per conubia nostra,|0600-5298-34-0099538508|554|6|Ap #266-4400 Faucibus Avenue|New Zealand|SAL|Benton Harbor|CY6Q 2ME|ipsum.Donec@dolordapibusgravida.ca|http://www.yjrpocfypl.mom|91 216 82 55|635 298 611|90 917 84 44
18|0|1|ipsum dolor sit amet, consectetuer adipiscing elit. Aliquam|non arcu. Vivamus sit amet|ad litora torquent per conubia nostra, per|36819472-Z|molestie. Sed id risus quis diam luctus lobortis. Class aptent taciti sociosqu ad litora torquent per conubia nostra, per inceptos hymenaeos. Mauris ut quam vel sapien imperdiet ornare. In faucibus. Morbi vehicula. Pellentesque tincidunt tempus risus. Donec egestas. Duis ac arcu. Nunc mauris. Morbi non sapien molestie orci tincidunt adipiscing. Mauris molestie pharetra nibh. Aliquam ornare, libero at auctor ullamcorper, nisl arcu iaculis enim, sit amet ornare lectus justo eu arcu. Morbi sit amet massa. Quisque porttitor eros nec tellus. Nunc lectus pede, ultrices a, auctor non, feugiat nec, diam. Duis mi enim,|7649-6304-25-8664266308|767|25|Ap #869-1928 Pretium St.|Latvia|Yukon|Chester|V3M 2W0|lacus.varius@elitNullafacilisi.org|http://www.sbdxqzcddc.gom|96 096 10 77|615 957 862|97 642 35 42
19|1|1|nostra, per inceptos hymenaeos. Mauris ut quam|amet orci. Ut sagittis lobortis mauris. Suspendisse aliquet|posuere at, velit. Cras lorem lorem, luctus|54865636-G|Mauris non dui nec urna suscipit nonummy. Fusce fermentum fermentum arcu. Vestibulum ante ipsum primis in faucibus orci luctus et ultrices posuere cubilia Curae; Phasellus ornare. Fusce mollis. Duis sit amet diam eu dolor egestas rhoncus. Proin nisl sem, consequat nec, mollis|9191-9562-91-6220656109|647|8|Ap #632-6874 A, Road|Algeria|Overijssel|Effingham|N8D 2K7|in@Nuncsollicitudincommodo.ca|http://www.mfwxwlpxgf.dom|99 022 56 51|660 972 355|98 247 76 56
20|6|1|arcu. Curabitur ut odio vel est|enim diam vel arcu. Curabitur ut|consequat nec, mollis vitae, posuere at, velit. Cras|57503010-D|ac mi eleifend egestas. Sed pharetra, felis eget varius ultrices, mauris ipsum porta elit, a feugiat tellus lorem eu metus. In lorem.|3548-3630-40-6056299651|136|7|784-9149 Arcu Ave|Luxembourg|Zld.|Bessemer|D1T 4B6|hendrerit@duinecurna.ca|http://www.nlpgvjeiym.kom|99 676 12 76|638 611 682|92 641 18 74
21|7|1|a, malesuada id, erat. Etiam vestibulum massa rutrum|facilisis vitae, orci. Phasellus dapibus|Ut tincidunt vehicula risus. Nulla eget metus|61674348-F|ac, feugiat non, lobortis quis, pede. Suspendisse dui. Fusce diam nunc, ullamcorper eu, euismod ac, fermentum|3776-0401-59-9960561601|318|4|Ap #471-4105 Non St.|Mongolia|HAM|Casper|D9P 6PT|Cras@velfaucibusid.ca|http://www.ttlygvjwfd.gom|93 559 91 03|661 228 902|95 983 65 76
22|9|1|nascetur ridiculus mus. Donec dignissim magna a tortor. Nunc commodo|fringilla. Donec feugiat metus sit amet ante. Vivamus non lorem|eu, ligula. Aenean euismod mauris eu elit. Nulla facilisi. Sed|64166293-K|facilisis, magna tellus faucibus leo, in lobortis tellus justo sit amet nulla. Donec non justo. Proin non massa non ante bibendum ullamcorper. Duis cursus, diam at pretium aliquet, metus urna convallis erat,|2165-7530-29-8875843935|687|7|P.O. Box 800, 3393 Luctus Avenue|Italy|Dr.|Sandpoint|Q2S 5O0|ipsum.Curabitur@semperrutrum.org|http://www.ihdglypxif.nom|93 379 81 72|633 308 912|98 725 15 63
23|0|1|et nunc. Quisque ornare tortor at risus. Nunc ac sem|elit. Nulla facilisi. Sed neque. Sed eget lacus. Mauris non|luctus lobortis. Class aptent taciti sociosqu ad|51143866-F|semper pretium neque. Morbi quis urna. Nunc quis arcu vel quam dignissim pharetra. Nam ac nulla. In tincidunt congue turpis. In condimentum. Donec at arcu. Vestibulum ante ipsum primis in faucibus orci luctus et ultrices posuere cubilia Curae; Donec tincidunt. Donec vitae erat vel pede blandit congue. In scelerisque scelerisque dui. Suspendisse ac metus vitae velit egestas lacinia. Sed congue, elit sed consequat auctor, nunc nulla vulputate dui, nec tempus mauris erat eget ipsum. Suspendisse sagittis. Nullam vitae diam. Proin dolor. Nulla semper tellus id nunc interdum feugiat. Sed nec metus facilisis lorem tristique aliquet. Phasellus fermentum convallis ligula.|0993-7762-81-9225214457|079|12|P.O. Box 719, 327 Purus Av.|Antarctica|AL|Utica|13535|porta@diam.ca|http://www.trgtmilmix.qom|92 299 39 92|619 354 704|96 124 88 76
24|3|1|netus et malesuada fames ac|dolor sit amet, consectetuer adipiscing elit. Curabitur|ornare placerat, orci lacus vestibulum lorem, sit|24653685-O|tempor diam dictum sapien. Aenean massa. Integer vitae nibh. Donec est mauris, rhoncus id, mollis nec, cursus a, enim. Suspendisse aliquet, sem ut cursus luctus, ipsum leo elementum sem,|9924-6360-25-7888071018|255|24|Ap #574-7121 Hendrerit St.|Togo|LAN|Little Falls|3213ZI|Aenean.massa@ante.org|http://www.rnrvefobwg.yom|97 449 29 45|638 742 786|98 935 68 25
25|0|1|egestas. Aliquam nec enim. Nunc|Quisque porttitor eros nec tellus. Nunc|quis diam. Pellentesque habitant morbi|74094548-L|lectus justo eu arcu. Morbi sit amet massa. Quisque porttitor eros nec tellus. Nunc lectus pede, ultrices a, auctor non, feugiat nec, diam. Duis mi enim, condimentum eget, volutpat ornare,|7914-8084-76-6271384684|335|7|Ap #699-5658 Eu St.|Tuvalu|Newfoundland and Labrador|Vail|19847|ipsum@nonummyultricies.com|http://www.zjqvljmagm.jom|91 508 76 96|697 786 269|93 377 21 41
26|6|1|bibendum ullamcorper. Duis cursus, diam at pretium aliquet,|mollis. Integer tincidunt aliquam arcu.|mi pede, nonummy ut, molestie in, tempus eu, ligula. Aenean|60037096-V|nibh enim, gravida sit amet, dapibus id, blandit at, nisi. Cum sociis natoque penatibus et magnis dis parturient montes, nascetur ridiculus mus. Proin vel nisl. Quisque fringilla euismod enim. Etiam gravida molestie arcu. Sed eu nibh vulputate mauris sagittis placerat. Cras dictum ultricies ligula. Nullam enim. Sed nulla ante, iaculis nec, eleifend non, dapibus rutrum, justo. Praesent luctus. Curabitur egestas nunc sed libero. Proin sed turpis nec mauris blandit mattis. Cras eget nisi dictum augue malesuada|4024-3521-74-6993564656|267|16|975-6015 Dis Ave|Cyprus|South Dakota|Aliso Viejo|9284VG|feugiat@justoeuarcu.ca|http://www.qwilihaouc.wom|95 647 42 76|666 841 672|90 650 23 37
27|7|1|inceptos hymenaeos. Mauris ut quam vel sapien imperdiet ornare.|ut aliquam iaculis, lacus pede sagittis augue,|sit amet, consectetuer adipiscing elit.|45797464-D|a feugiat tellus lorem eu metus. In lorem. Donec elementum, lorem ut aliquam iaculis, lacus pede sagittis augue, eu tempor erat neque non quam. Pellentesque habitant morbi tristique senectus et netus et malesuada fames ac turpis egestas. Aliquam fringilla cursus purus. Nullam scelerisque neque sed sem egestas blandit. Nam nulla magna, malesuada vel, convallis in,|2154-2203-53-7204939849|296|8|880 Et St.|Eritrea|Yukon|Clovis|9443LV|molestie@enim.org|http://www.evuwyryfbw.tom|96 384 18 63|635 888 361|95 931 01 99
28|0|1|nec, mollis vitae, posuere at, velit. Cras lorem lorem, luctus|nulla. In tincidunt congue turpis. In condimentum. Donec|placerat, augue. Sed molestie. Sed|18627360-W|tellus lorem eu metus. In lorem. Donec elementum, lorem ut aliquam iaculis, lacus pede sagittis augue, eu tempor erat neque non quam. Pellentesque habitant morbi tristique senectus et netus et malesuada fames ac turpis egestas. Aliquam fringilla cursus purus. Nullam scelerisque neque sed sem egestas blandit. Nam nulla magna, malesuada vel, convallis in, cursus et,|7858-3415-42-4430257959|136|10|1609 Odio. Avenue|Somalia|Humberside|Commerce|68171|massa.Suspendisse.eleifend@tellus.com|http://www.fsaovznzuz.zom|93 257 94 31|691 773 490|98 032 20 28
29|10|1|tempor lorem, eget mollis lectus pede et|rhoncus. Nullam velit dui, semper|sed, est. Nunc laoreet lectus quis massa. Mauris vestibulum, neque|53158567-S|nascetur ridiculus mus. Proin vel nisl. Quisque fringilla euismod enim. Etiam gravida molestie arcu. Sed eu nibh vulputate mauris sagittis placerat. Cras dictum ultricies ligula. Nullam enim. Sed nulla ante, iaculis nec, eleifend non, dapibus rutrum, justo. Praesent luctus. Curabitur egestas nunc sed libero. Proin sed|0841-7459-76-2555946230|872|12|P.O. Box 391, 4601 Magna Ave|Japan|NS|Malibu|0480WM|est@enimMauris.ca|http://www.tolnptzaqm.kom|99 147 34 21|683 573 426|96 774 43 90
30|10|1|vel, mauris. Integer sem elit, pharetra ut, pharetra sed, hendrerit|augue porttitor interdum. Sed auctor odio|vitae, posuere at, velit. Cras lorem|57992110-N|est arcu ac orci. Ut semper pretium neque. Morbi quis urna. Nunc quis arcu vel quam dignissim pharetra. Nam ac nulla. In tincidunt congue turpis. In condimentum. Donec at arcu. Vestibulum ante ipsum primis in faucibus orci luctus et ultrices posuere cubilia Curae; Donec tincidunt. Donec vitae erat vel pede blandit congue. In scelerisque scelerisque dui. Suspendisse ac metus vitae velit egestas lacinia. Sed congue, elit sed consequat auctor, nunc nulla vulputate dui, nec tempus mauris erat|8195-8633-16-2159152685|254|5|839-1797 Etiam Rd.|Antarctica|Noord Brabant|Hampton|O0N 7PU|tellus@justo.edu|http://www.tsvkzqoafq.hom|97 128 06 25|628 575 158|96 846 51 49
31|1|1|odio sagittis semper. Nam tempor diam dictum sapien.|nulla at sem molestie sodales. Mauris|nec urna et arcu imperdiet ullamcorper. Duis|36932184-Z|Aliquam adipiscing lobortis risus. In mi pede, nonummy ut, molestie in, tempus eu, ligula. Aenean euismod mauris eu elit. Nulla facilisi. Sed neque. Sed eget lacus. Mauris non dui nec urna suscipit nonummy. Fusce fermentum fermentum arcu. Vestibulum ante ipsum primis in faucibus orci luctus et ultrices posuere|5573-2578-08-3094617747|116|13|902-8021 Aliquet Av.|Pitcairn|Zuid Holland|Kingsport|N21 1KY|et.risus.Quisque@sitametconsectetuer.edu|http://www.jllftialli.tom|92 926 46 07|645 067 456|93 263 60 78
32|8|1|ornare. Fusce mollis. Duis sit amet diam eu dolor egestas|Nulla tempor augue ac ipsum. Phasellus vitae mauris|vulputate velit eu sem. Pellentesque ut ipsum ac mi eleifend|12459523-C|Morbi accumsan laoreet ipsum. Curabitur consequat, lectus sit amet luctus vulputate, nisi sem semper erat, in consectetuer ipsum nunc id enim. Curabitur massa. Vestibulum accumsan neque et nunc. Quisque ornare tortor at risus. Nunc ac sem ut dolor|8744-0703-41-1292118316|530|3|602-6930 Lorem, Rd.|Puerto Rico|Wisconsin|Calumet City|49251|Nunc@id.com|http://www.owoulzjdrv.rom|91 756 55 46|654 057 668|95 850 44 62
33|9|1|pulvinar arcu et pede. Nunc sed orci lobortis|eleifend, nunc risus varius orci, in|lectus, a sollicitudin orci sem eget massa. Suspendisse eleifend.|22077433-Y|nulla. Integer vulputate, risus a ultricies adipiscing, enim mi tempor lorem, eget mollis lectus pede et risus. Quisque libero lacus, varius et, euismod et, commodo at, libero. Morbi accumsan laoreet ipsum. Curabitur consequat, lectus sit amet luctus vulputate, nisi sem semper erat, in consectetuer ipsum nunc id enim.|6054-6406-85-2048641015|335|2|558-9608 Quis St.|Switzerland|NU|Downey|IB3 9NM|parturient@est.edu|http://www.plfqxtptdf.rom|91 225 44 70|690 130 771|93 854 49 60
34|9|1|Etiam imperdiet dictum magna. Ut tincidunt orci quis lectus.|Suspendisse commodo tincidunt nibh. Phasellus nulla. Integer vulputate,|neque pellentesque massa lobortis ultrices. Vivamus|14269978-B|mollis nec, cursus a, enim. Suspendisse aliquet, sem ut cursus luctus, ipsum leo elementum sem, vitae aliquam eros turpis non enim. Mauris quis turpis vitae purus gravida sagittis. Duis gravida. Praesent eu nulla at sem molestie sodales. Mauris blandit enim consequat purus. Maecenas libero est, congue a, aliquet vel, vulputate eu, odio. Phasellus at augue id ante dictum cursus. Nunc mauris elit, dictum eu, eleifend nec, malesuada ut, sem. Nulla interdum. Curabitur dictum. Phasellus in felis. Nulla tempor augue ac ipsum. Phasellus vitae mauris sit amet lorem semper auctor.|0591-9774-26-1355911838|080|18|640-477 Vulputate Avenue|Colombia|British Columbia|Plattsburgh|0189HA|Aenean.sed.pede@cursuspurusNullam.com|http://www.vmgvuwwapz.vom|93 357 37 40|605 294 593|91 716 66 94
35|5|1|Sed auctor odio a purus. Duis elementum,|vitae, sodales at, velit. Pellentesque ultricies dignissim|vestibulum lorem, sit amet ultricies sem|67405906-L|ante bibendum ullamcorper. Duis cursus, diam at pretium aliquet, metus urna convallis erat, eget tincidunt dui augue eu tellus. Phasellus elit pede, malesuada vel, venenatis vel, faucibus id, libero. Donec consectetuer|9762-9345-00-5552896123|807|25|2474 Etiam Ave|Cayman Islands|TX|Hope|93412|lorem.eu@natoquepenatibus.edu|http://www.hrydhqbnve.kom|99 082 87 02|659 193 327|91 633 90 21
36|3|1|lorem. Donec elementum, lorem ut|ultrices a, auctor non, feugiat nec, diam. Duis mi|bibendum ullamcorper. Duis cursus, diam at|30827943-V|sociis natoque penatibus et magnis dis parturient montes, nascetur ridiculus mus. Proin vel arcu eu odio tristique pharetra. Quisque ac libero nec ligula consectetuer rhoncus. Nullam velit dui, semper et, lacinia vitae, sodales at, velit. Pellentesque ultricies dignissim lacus. Aliquam rutrum lorem ac risus. Morbi metus. Vivamus euismod urna. Nullam lobortis quam a felis ullamcorper viverra. Maecenas iaculis aliquet diam. Sed diam lorem, auctor quis, tristique|1958-1224-13-7265442769|077|9|8589 Et, Ave|Mayotte|WY|Valdosta|Q4W 2V3|nunc.sed@non.org|http://www.tfxgyrdmbi.gom|93 088 07 72|693 675 410|90 156 87 51
37|7|1|vulputate eu, odio. Phasellus at augue|Nullam suscipit, est ac facilisis facilisis,|quis, pede. Praesent eu dui. Cum sociis|62479299-P|consectetuer euismod est arcu ac orci. Ut semper pretium neque. Morbi quis urna. Nunc quis arcu vel quam dignissim pharetra. Nam ac nulla. In tincidunt congue turpis. In condimentum. Donec at arcu. Vestibulum ante ipsum primis in faucibus orci luctus et ultrices posuere cubilia Curae; Donec tincidunt. Donec vitae erat vel pede blandit congue. In scelerisque scelerisque dui. Suspendisse ac metus vitae|1082-0986-85-2024347983|508|10|100-6869 Quis St.|Sweden|West Glamorgan|Kearney|47271|consectetuer@molestie.com|http://www.bfqdhxdztw.xom|96 405 00 14|650 933 753|94 577 69 37
38|2|1|Nulla interdum. Curabitur dictum. Phasellus in felis. Nulla tempor augue|facilisis lorem tristique aliquet. Phasellus fermentum convallis ligula. Donec luctus|at, iaculis quis, pede. Praesent|20221367-K|non nisi. Aenean eget metus. In nec orci. Donec nibh. Quisque nonummy ipsum non arcu. Vivamus sit amet risus. Donec egestas. Aliquam nec enim. Nunc ut erat. Sed nunc est, mollis non, cursus non, egestas a, dui. Cras pellentesque. Sed dictum. Proin eget odio. Aliquam vulputate ullamcorper magna. Sed eu eros. Nam consequat dolor vitae dolor. Donec fringilla. Donec feugiat metus sit amet ante. Vivamus non|7360-7274-86-8680500317|519|23|115-7561 Auctor Road|Botswana|DFD|Vacaville|PV6E 9TN|urna@elit.com|http://www.xnukonnqaz.lom|95 248 93 75|696 215 965|94 779 62 60
39|9|1|in molestie tortor nibh sit amet orci. Ut|ipsum cursus vestibulum. Mauris magna. Duis|odio. Etiam ligula tortor, dictum eu, placerat eget, venenatis a,|73676426-A|ac nulla. In tincidunt congue turpis. In condimentum. Donec at arcu. Vestibulum ante ipsum primis in faucibus orci luctus et ultrices posuere cubilia Curae; Donec tincidunt. Donec vitae erat vel pede blandit congue. In scelerisque scelerisque dui. Suspendisse ac metus vitae velit egestas lacinia. Sed congue, elit sed consequat auctor, nunc nulla vulputate|5431-9188-71-5807459037|773|15|417 A Ave|Senegal|Ov.|Kennewick|Y9 5RK|tempus@semperdui.com|http://www.efssqmmrgt.mom|96 450 08 45|690 496 137|98 721 94 96
40|0|1|In scelerisque scelerisque dui. Suspendisse|cursus et, eros. Proin ultrices. Duis volutpat nunc|ornare. Fusce mollis. Duis sit amet|37346796-V|hendrerit id, ante. Nunc mauris sapien, cursus in, hendrerit consectetuer, cursus et, magna. Praesent interdum ligula eu enim. Etiam imperdiet dictum magna. Ut tincidunt orci quis lectus. Nullam suscipit, est ac facilisis facilisis, magna tellus faucibus leo, in lobortis tellus justo sit amet nulla. Donec non justo. Proin non massa non ante bibendum|4692-4646-69-5209375298|571|28|240 Maecenas Avenue|San Marino|Idaho|Dayton|70973|Morbi.sit.amet@liberoDonec.edu|http://www.digdsecsyn.jom|91 686 11 63|695 105 942|92 083 11 52
41|9|1|elit, pretium et, rutrum non, hendrerit id,|malesuada vel, convallis in, cursus et, eros. Proin|sem. Pellentesque ut ipsum ac mi eleifend egestas. Sed pharetra,|47568108-T|feugiat tellus lorem eu metus. In lorem. Donec elementum, lorem ut aliquam iaculis, lacus pede sagittis augue, eu tempor erat neque non quam. Pellentesque habitant morbi tristique|2024-3236-45-1638094983|368|1|P.O. Box 435, 7706 Ultricies St.|Cook Islands|Alberta|Canton|8828UT|parturient.montes.nascetur@massa.com|http://www.wdvwefqjks.som|98 226 15 75|685 314 181|97 930 74 86
42|6|1|velit eget laoreet posuere, enim nisl|adipiscing lacus. Ut nec urna et arcu imperdiet|vehicula aliquet libero. Integer in magna. Phasellus dolor elit,|29034793-I|nec tempus scelerisque, lorem ipsum sodales purus, in molestie tortor nibh sit amet orci. Ut sagittis lobortis mauris. Suspendisse aliquet molestie tellus. Aenean egestas hendrerit neque. In ornare sagittis felis. Donec tempor, est|7339-1222-07-1632937991|291|18|Ap #816-3078 Curabitur Avenue|Sierra Leone|Flintshire|Springdale|NH8M 5PM|tortor.dictum@malesuadaIntegerid.ca|http://www.izywugrbhv.som|92 155 63 43|687 233 889|96 545 94 57
43|2|1|nec ligula consectetuer rhoncus. Nullam velit dui,|Class aptent taciti sociosqu ad|mi enim, condimentum eget, volutpat|45819248-A|molestie in, tempus eu, ligula. Aenean euismod mauris eu elit. Nulla facilisi. Sed neque. Sed eget lacus. Mauris non dui nec urna suscipit nonummy. Fusce fermentum fermentum arcu. Vestibulum ante ipsum primis in faucibus orci luctus et ultrices posuere cubilia Curae; Phasellus ornare. Fusce mollis. Duis sit amet diam eu dolor egestas rhoncus. Proin nisl sem, consequat nec, mollis vitae, posuere at, velit. Cras lorem lorem, luctus ut, pellentesque eget, dictum placerat,|3502-1677-51-2349780083|431|17|P.O. Box 203, 4450 Iaculis Road|Russian Federation|PE|Pierre|0328FI|convallis.convallis.dolor@vitaesemper.com|http://www.uzrfburudl.bom|95 446 15 31|684 513 742|97 061 86 80
44|7|1|amet, faucibus ut, nulla. Cras eu tellus eu augue|augue ac ipsum. Phasellus vitae mauris sit amet lorem|mus. Proin vel arcu eu odio tristique|68983392-U|semper et, lacinia vitae, sodales at, velit. Pellentesque ultricies dignissim lacus. Aliquam rutrum lorem ac risus. Morbi metus. Vivamus euismod urna. Nullam lobortis quam a felis ullamcorper viverra. Maecenas iaculis aliquet diam. Sed diam lorem, auctor quis, tristique ac, eleifend vitae, erat. Vivamus nisi. Mauris nulla. Integer urna. Vivamus|1173-8890-76-8824572725|415|7|P.O. Box 759, 7470 Rutrum Avenue|Nauru|Nairn|Laughlin|3099UF|urna.et.arcu@vitaedolorDonec.edu|http://www.jjqhnjbdlx.xom|93 050 21 50|668 167 984|99 660 09 63
45|5|1|venenatis lacus. Etiam bibendum fermentum metus. Aenean|sapien molestie orci tincidunt adipiscing. Mauris molestie|eget, venenatis a, magna. Lorem ipsum dolor sit|31863470-H|Donec consectetuer mauris id sapien. Cras dolor dolor, tempus non, lacinia at, iaculis quis, pede. Praesent eu dui. Cum sociis natoque penatibus et magnis dis parturient montes, nascetur ridiculus mus. Aenean eget magna. Suspendisse tristique neque venenatis lacus. Etiam bibendum fermentum metus. Aenean sed pede nec ante blandit viverra. Donec tempus, lorem fringilla ornare placerat, orci lacus vestibulum lorem, sit amet ultricies sem magna nec quam. Curabitur vel lectus. Cum sociis natoque penatibus et magnis dis parturient montes, nascetur ridiculus mus. Donec dignissim magna a|0755-6217-21-3564938286|695|8|2868 Egestas. Avenue|Comoros|Ohio|White Plains|J5U 8M0|in.aliquet@Cumsociisnatoque.com|http://www.yvpftomyjl.gom|99 901 60 15|615 092 509|92 925 91 11
46|9|1|In lorem. Donec elementum, lorem ut aliquam iaculis,|malesuada id, erat. Etiam vestibulum|ac urna. Ut tincidunt vehicula|91251313-W|vel sapien imperdiet ornare. In faucibus. Morbi vehicula. Pellentesque tincidunt tempus risus. Donec egestas. Duis ac arcu. Nunc mauris. Morbi non sapien molestie orci tincidunt adipiscing. Mauris|1731-9245-15-6343824934|847|12|Ap #912-9209 Pretium St.|Rwanda|New Jersey|Whittier|H5 9EU|nibh.Quisque@lobortis.ca|http://www.nqjcsxzqre.som|91 695 45 53|661 611 895|99 058 51 26
47|9|1|felis purus ac tellus. Suspendisse sed dolor. Fusce|Sed nec metus facilisis lorem tristique aliquet. Phasellus fermentum convallis|a, arcu. Sed et libero. Proin|41586022-E|egestas, urna justo faucibus lectus, a sollicitudin orci sem eget massa. Suspendisse eleifend. Cras sed leo. Cras vehicula aliquet libero. Integer in magna. Phasellus dolor elit, pellentesque a, facilisis non, bibendum sed, est. Nunc laoreet lectus quis massa. Mauris vestibulum, neque sed dictum eleifend, nunc risus varius orci, in consequat enim diam vel arcu. Curabitur ut odio vel est tempor bibendum. Donec felis orci, adipiscing non, luctus sit amet, faucibus ut, nulla. Cras eu tellus eu augue porttitor interdum. Sed auctor odio a purus. Duis elementum, dui quis accumsan convallis,|2738-6435-95-8549198917|323|6|197-5424 Malesuada Road|French Guiana|Quebec|Elizabeth City|V9A 1X8|magna.Cras.convallis@sitamet.com|http://www.ymcixfwftr.hom|96 399 41 20|620 020 910|99 731 78 20
48|8|1|vulputate, lacus. Cras interdum. Nunc sollicitudin commodo ipsum. Suspendisse non|cursus et, magna. Praesent interdum ligula|dapibus gravida. Aliquam tincidunt, nunc ac|91933135-G|pellentesque, tellus sem mollis dui, in sodales elit erat vitae risus. Duis a mi fringilla mi lacinia mattis. Integer eu lacus. Quisque imperdiet, erat nonummy ultricies ornare, elit elit fermentum risus, at fringilla purus mauris a nunc. In at pede. Cras vulputate velit eu|3293-2664-45-7422314934|943|8|Ap #414-7206 Ultricies Rd.|Antarctica|California|Cumberland|RV9 0AL|malesuada.fringilla.est@euismodetcommodo.ca|http://www.eesqvbjwfk.fom|92 770 87 34|649 330 370|97 686 70 34
49|9|1|dui. Suspendisse ac metus vitae velit egestas lacinia. Sed|vitae mauris sit amet lorem semper auctor. Mauris|non quam. Pellentesque habitant morbi tristique senectus et netus et|96983237-F|dictum sapien. Aenean massa. Integer vitae nibh. Donec est mauris, rhoncus id, mollis nec, cursus a, enim. Suspendisse aliquet, sem ut cursus luctus, ipsum leo elementum sem, vitae aliquam eros turpis non enim. Mauris quis turpis vitae purus gravida sagittis. Duis gravida. Praesent eu nulla at sem molestie sodales. Mauris blandit enim consequat purus. Maecenas libero est, congue a, aliquet vel, vulputate eu, odio. Phasellus at augue id ante|2992-6513-32-6709584773|742|17|5962 Integer Rd.|Saint Pierre and Miquelon|Noord Brabant|Missoula|E2R 1TN|semper.dui@gravida.edu|http://www.sgvnutcojv.pom|99 471 61 71|679 340 196|96 268 99 64
50|7|1|rhoncus. Proin nisl sem, consequat nec, mollis vitae,|neque. Nullam nisl. Maecenas malesuada fringilla est. Mauris eu|ultrices. Vivamus rhoncus. Donec est. Nunc ullamcorper, velit in|85857664-P|feugiat tellus lorem eu metus. In lorem. Donec elementum, lorem ut aliquam iaculis, lacus pede sagittis augue,|6273-8997-98-4358986263|112|21|360-4596 Egestas Av.|Libyan Arab Jamahiriya|U.|San Marino|18606|diam@viverra.org|http://www.mxgitrpfet.jom|98 675 51 93|647 434 507|98 334 72 60
51|0|1|lobortis. Class aptent taciti sociosqu ad litora torquent per|odio vel est tempor bibendum. Donec felis orci,|massa. Suspendisse eleifend. Cras sed leo. Cras vehicula|03954898-P|at augue id ante dictum cursus. Nunc mauris elit, dictum eu, eleifend nec, malesuada ut, sem. Nulla interdum. Curabitur dictum. Phasellus in felis. Nulla tempor augue ac ipsum. Phasellus vitae mauris sit amet lorem semper auctor. Mauris vel turpis. Aliquam adipiscing lobortis risus. In|9917-8412-24-9342078422|551|5|P.O. Box 923, 5909 Dolor St.|Korea|Gld.|Arlington|3264ZM|sociosqu.ad.litora@miloremvehicula.ca|http://www.wrxwtulfxa.qom|91 379 72 95|663 828 877|90 429 39 82
52|7|1|commodo at, libero. Morbi accumsan laoreet ipsum. Curabitur consequat,|consectetuer euismod est arcu ac orci. Ut semper|condimentum. Donec at arcu. Vestibulum ante ipsum primis|03675631-A|nulla. Cras eu tellus eu augue porttitor interdum. Sed auctor odio a purus. Duis elementum, dui quis accumsan convallis, ante lectus convallis est, vitae sodales nisi magna sed|8025-1780-07-8245920687|614|14|8154 Aenean St.|Cape Verde|Dr.|Covington|C5N 6M8|aliquam.eros@egetmassa.ca|http://www.twijzefdfm.fom|92 974 11 64|627 073 559|96 235 92 83
53|2|1|Vivamus euismod urna. Nullam lobortis quam a felis|lacus. Ut nec urna et arcu|mattis semper, dui lectus rutrum urna, nec luctus|92913566-H|Maecenas malesuada fringilla est. Mauris eu turpis. Nulla aliquet. Proin velit. Sed malesuada augue ut lacus. Nulla tincidunt, neque vitae semper egestas, urna justo faucibus lectus, a sollicitudin orci sem eget massa. Suspendisse eleifend. Cras sed leo. Cras vehicula aliquet libero. Integer in magna. Phasellus dolor elit, pellentesque a, facilisis non, bibendum sed, est. Nunc laoreet lectus quis massa. Mauris vestibulum, neque sed dictum eleifend, nunc risus varius orci, in|5105-8283-10-2522064019|038|7|4086 Convallis Rd.|Russian Federation|Sussex|Winooski|27048|mi.felis.adipiscing@anuncIn.ca|http://www.zfufzgcjzr.fom|93 301 90 89|625 106 692|95 804 82 20
54|3|1|Suspendisse tristique neque venenatis lacus. Etiam|lorem eu metus. In lorem. Donec elementum, lorem|mi eleifend egestas. Sed pharetra, felis eget varius ultrices, mauris|28929712-J|Morbi vehicula. Pellentesque tincidunt tempus risus. Donec egestas. Duis ac arcu. Nunc mauris. Morbi non sapien molestie orci tincidunt adipiscing. Mauris molestie pharetra nibh. Aliquam ornare, libero at auctor ullamcorper, nisl arcu iaculis enim, sit amet ornare lectus justo eu arcu. Morbi sit amet|9022-5030-86-3998154942|121|12|Ap #436-3163 Mauris Avenue|Zambia|MOG|San Juan Capistrano|T4Y 8X3|facilisis.eget.ipsum@Nuncsed.org|http://www.tmtsccacth.com|96 875 63 30|640 439 378|96 282 03 97
55|4|1|Aenean egestas hendrerit neque. In ornare sagittis felis. Donec|non, cursus non, egestas a, dui. Cras pellentesque. Sed dictum.|lorem, vehicula et, rutrum eu, ultrices sit amet,|92056361-L|urna, nec luctus felis purus ac tellus. Suspendisse sed dolor. Fusce mi lorem, vehicula et, rutrum eu, ultrices|3421-1404-53-4375124289|119|20|961-7377 A Street|Indonesia|Overijssel|Plymouth|05318|quis.tristique.ac@disparturientmontes.org|http://www.vqerynqryc.vom|98 718 94 26|621 684 762|91 396 15 88
56|5|1|elementum sem, vitae aliquam eros turpis non|sagittis placerat. Cras dictum ultricies ligula.|mollis. Integer tincidunt aliquam arcu. Aliquam ultrices iaculis odio. Nam|20925187-H|hendrerit id, ante. Nunc mauris sapien, cursus in, hendrerit consectetuer, cursus et, magna. Praesent interdum ligula eu enim. Etiam imperdiet dictum magna. Ut tincidunt orci quis lectus. Nullam suscipit, est ac facilisis facilisis, magna tellus faucibus leo, in lobortis tellus justo sit amet nulla. Donec non justo. Proin non massa non ante|7220-4590-75-9502015516|815|2|4994 Lacinia Ave|Afghanistan|VA|Bismarck|0232GO|ornare.elit.elit@scelerisquelorem.org|http://www.vasnspasyc.nom|95 435 31 69|646 279 437|92 929 82 63
57|10|1|est arcu ac orci. Ut semper pretium|nulla. Cras eu tellus eu|Aenean sed pede nec ante blandit|85226820-M|fringilla purus mauris a nunc. In at pede. Cras vulputate velit eu sem. Pellentesque ut ipsum ac mi eleifend egestas. Sed pharetra, felis eget varius ultrices, mauris ipsum porta elit, a feugiat tellus lorem eu metus. In lorem. Donec elementum, lorem ut aliquam iaculis, lacus pede sagittis augue, eu tempor|4812-1140-97-7279640066|919|6|832-2556 Interdum Ave|Thailand|Ontario|Toledo|E7 6TE|sem.Pellentesque@metusVivamuseuismod.ca|http://www.ygzsaknghe.yom|90 989 91 08|627 903 720|95 033 96 36
58|7|1|at, libero. Morbi accumsan laoreet ipsum.|tristique pharetra. Quisque ac libero nec ligula consectetuer rhoncus. Nullam|eget metus eu erat semper rutrum. Fusce dolor quam, elementum|36028001-U|diam dictum sapien. Aenean massa. Integer vitae nibh. Donec est mauris, rhoncus id, mollis nec, cursus|1831-4357-21-0977167457|717|1|P.O. Box 231, 6085 Semper Av.|Chad|PE|East Hartford|E3Y 3Y6|auctor.odio.a@duilectus.org|http://www.fnrbpvqucj.vom|97 216 63 91|651 444 311|98 564 71 18
59|8|1|Sed nulla ante, iaculis nec, eleifend non,|eros. Proin ultrices. Duis volutpat|sagittis. Nullam vitae diam. Proin dolor.|15478384-M|malesuada vel, convallis in, cursus et, eros. Proin ultrices. Duis volutpat nunc sit amet metus. Aliquam erat volutpat. Nulla facilisis. Suspendisse commodo tincidunt nibh. Phasellus nulla. Integer vulputate, risus a ultricies adipiscing, enim mi tempor lorem,|8600-4669-38-0259710547|692|13|323-990 Pellentesque Rd.|Nauru|Renfrewshire|Cerritos|JC6 0GT|magna.a@risusMorbi.org|http://www.tunjdtltxl.zom|90 478 13 97|603 874 050|97 043 82 91
60|3|1|diam. Pellentesque habitant morbi tristique senectus et netus|odio semper cursus. Integer mollis. Integer tincidunt aliquam|Ut tincidunt orci quis lectus.|57471342-R|semper cursus. Integer mollis. Integer tincidunt aliquam arcu. Aliquam ultrices iaculis odio. Nam interdum enim non nisi. Aenean eget metus. In nec orci. Donec nibh. Quisque nonummy ipsum non arcu. Vivamus|0261-0654-47-3619315321|905|18|P.O. Box 533, 5603 Aliquam Av.|Fiji|LA|Gainesville|9222KU|eu.tellus.Phasellus@enimEtiamimperdiet.org|http://www.kgvhhivpwm.fom|90 278 67 27|601 924 301|90 976 39 56
61|2|1|quam. Pellentesque habitant morbi tristique senectus et|imperdiet nec, leo. Morbi neque tellus, imperdiet non, vestibulum|nunc interdum feugiat. Sed nec metus facilisis lorem tristique aliquet.|27684864-B|pharetra. Nam ac nulla. In tincidunt congue turpis. In condimentum. Donec at arcu. Vestibulum ante ipsum primis in faucibus orci luctus et ultrices posuere cubilia Curae; Donec tincidunt. Donec vitae erat vel pede blandit congue. In scelerisque scelerisque dui. Suspendisse ac metus vitae velit egestas lacinia. Sed congue, elit sed consequat auctor, nunc nulla vulputate dui, nec tempus mauris erat eget ipsum. Suspendisse sagittis. Nullam vitae diam. Proin|5087-0747-14-2860357255|522|13|P.O. Box 265, 1345 Ac St.|Romania|STI|Palm Springs|49874|neque.Nullam@augue.org|http://www.hkbzmdepwc.hom|96 864 34 00|668 567 303|94 150 39 03
62|4|1|consectetuer adipiscing elit. Aliquam auctor, velit eget laoreet|placerat, orci lacus vestibulum lorem,|montes, nascetur ridiculus mus. Donec dignissim|58193190-A|metus urna convallis erat, eget tincidunt dui augue eu tellus. Phasellus elit pede, malesuada vel, venenatis vel, faucibus id, libero. Donec consectetuer mauris id sapien. Cras dolor dolor, tempus non, lacinia at, iaculis quis, pede. Praesent eu dui. Cum sociis natoque penatibus et magnis dis parturient montes, nascetur ridiculus mus. Aenean eget magna. Suspendisse tristique neque|7870-2862-25-3695195822|314|8|P.O. Box 523, 6403 Eu Rd.|Russian Federation|NL|Tyler|5796SM|nonummy.ac@eutemporerat.edu|http://www.ecntizkbcu.rom|99 246 35 51|690 887 532|94 105 21 00
63|5|1|Integer id magna et ipsum cursus vestibulum.|ultrices posuere cubilia Curae; Phasellus|pellentesque. Sed dictum. Proin eget odio.|46782291-J|et arcu imperdiet ullamcorper. Duis at lacus. Quisque purus sapien, gravida non, sollicitudin a, malesuada id, erat. Etiam vestibulum massa rutrum magna. Cras convallis convallis dolor. Quisque tincidunt pede ac urna. Ut tincidunt vehicula risus. Nulla eget metus eu erat semper rutrum. Fusce dolor quam, elementum at, egestas a, scelerisque sed, sapien. Nunc pulvinar arcu et pede. Nunc sed orci lobortis augue scelerisque mollis. Phasellus libero mauris, aliquam eu, accumsan sed, facilisis vitae, orci. Phasellus dapibus quam quis diam. Pellentesque habitant morbi tristique|0333-8433-75-4804256577|945|25|7979 Magna. Av.|Cameroon|ND|Columbia|6240OB|aliquam.eu.accumsan@molestietellusAenean.edu|http://www.hzyyuusymn.fom|94 773 36 58|601 152 659|97 347 64 76
64|2|1|non lorem vitae odio sagittis semper.|neque sed sem egestas blandit. Nam nulla magna, malesuada vel,|lorem ipsum sodales purus, in molestie|50796287-K|diam eu dolor egestas rhoncus. Proin nisl sem, consequat nec, mollis vitae, posuere at, velit. Cras lorem lorem, luctus ut, pellentesque eget, dictum placerat, augue. Sed molestie. Sed id risus quis diam luctus lobortis. Class aptent taciti sociosqu ad litora torquent per conubia nostra, per inceptos hymenaeos. Mauris ut quam vel sapien imperdiet ornare. In faucibus. Morbi vehicula. Pellentesque tincidunt tempus risus. Donec egestas. Duis ac arcu. Nunc mauris. Morbi non sapien molestie orci tincidunt adipiscing. Mauris molestie pharetra nibh. Aliquam ornare, libero at auctor ullamcorper, nisl arcu iaculis enim, sit amet ornare lectus justo eu|6685-3291-83-8453873608|206|7|P.O. Box 484, 3586 Aliquet Avenue|American Samoa|Yukon|Nashville|C5L 9E8|mauris.elit@malesuadavelconvallis.edu|http://www.icxgejpeap.wom|95 182 60 85|619 958 144|93 035 44 46
65|6|1|ligula. Donec luctus aliquet odio. Etiam|blandit. Nam nulla magna, malesuada vel, convallis in, cursus et,|feugiat placerat velit. Quisque varius. Nam porttitor scelerisque|94655416-L|interdum. Curabitur dictum. Phasellus in felis. Nulla tempor augue ac ipsum. Phasellus vitae mauris sit amet lorem|3257-5611-05-5714092856|892|14|Ap #197-2078 Tempor, Ave|Norfolk Island|JSY|North Little Rock|K1N 4A7|molestie@odioPhasellus.org|http://www.sqalfcrwke.tom|92 418 87 48|688 833 816|94 679 34 97
66|6|1|nec luctus felis purus ac tellus. Suspendisse|ac facilisis facilisis, magna tellus faucibus leo,|vitae diam. Proin dolor. Nulla semper|04691170-A|sollicitudin orci sem eget massa. Suspendisse eleifend. Cras sed leo. Cras vehicula aliquet libero. Integer in magna. Phasellus dolor elit, pellentesque a, facilisis non, bibendum sed, est. Nunc laoreet lectus quis massa. Mauris vestibulum, neque sed dictum eleifend, nunc risus varius orci, in consequat enim diam vel arcu. Curabitur ut odio vel est tempor bibendum. Donec felis orci, adipiscing non, luctus sit amet, faucibus|3569-9278-51-8278723351|397|9|P.O. Box 214, 8462 Egestas. Av.|Nepal|RI|Turlock|26699|hymenaeos.Mauris.ut@Fuscealiquet.org|http://www.juymqzpmpd.rom|97 377 64 65|634 700 790|90 416 78 62
67|5|1|eget laoreet posuere, enim nisl elementum purus, accumsan interdum libero|tortor. Integer aliquam adipiscing lacus.|cursus et, eros. Proin ultrices. Duis volutpat nunc|33608351-T|ornare. Fusce mollis. Duis sit amet diam eu dolor egestas rhoncus. Proin nisl sem, consequat nec, mollis vitae, posuere at, velit. Cras lorem lorem, luctus ut, pellentesque eget, dictum placerat, augue. Sed molestie. Sed id risus quis diam luctus lobortis. Class aptent taciti sociosqu ad litora|8128-1697-48-4639531590|836|25|374-7135 Sed Avenue|Taiwan, Province of China|Indiana|Slidell|5430VN|pharetra.felis@temporest.edu|http://www.fjgevoxsck.som|98 782 07 11|616 647 503|93 584 72 79
68|0|1|tincidunt. Donec vitae erat vel pede blandit congue. In scelerisque|taciti sociosqu ad litora torquent per conubia|Class aptent taciti sociosqu ad litora torquent|02500622-I|magna. Suspendisse tristique neque venenatis lacus. Etiam bibendum fermentum metus. Aenean sed pede nec ante blandit viverra. Donec tempus, lorem fringilla ornare placerat, orci lacus vestibulum lorem, sit amet ultricies sem magna nec quam. Curabitur vel lectus. Cum sociis natoque penatibus et magnis dis parturient montes, nascetur ridiculus mus. Donec dignissim magna a tortor. Nunc commodo auctor velit. Aliquam nisl. Nulla eu neque pellentesque massa lobortis ultrices. Vivamus rhoncus. Donec est. Nunc ullamcorper, velit in aliquet lobortis, nisi nibh lacinia orci, consectetuer euismod est arcu ac orci. Ut semper pretium neque. Morbi quis urna.|0474-7222-04-9042826169|194|7|Ap #299-4464 Id, St.|Italy|Delaware|West Haven|91183|imperdiet.non.vestibulum@velit.edu|http://www.zdjagwfsid.gom|91 718 62 76|686 598 435|94 325 34 93
69|7|1|Phasellus dolor elit, pellentesque a, facilisis non, bibendum|eu neque pellentesque massa lobortis|ligula. Aenean gravida nunc sed pede. Cum sociis|47119978-P|Integer eu lacus. Quisque imperdiet, erat nonummy ultricies ornare, elit elit fermentum risus, at fringilla purus mauris a nunc. In at pede. Cras vulputate velit eu sem. Pellentesque ut ipsum ac mi eleifend egestas. Sed pharetra, felis|4719-1426-87-6144785448|820|28|Ap #125-6061 Nulla St.|Western Sahara|East Sussex|Fulton|M5P 2I1|at.pede@elementum.edu|http://www.blfbcgrccr.vom|90 665 92 89|633 495 711|96 166 10 82
70|1|1|lorem lorem, luctus ut, pellentesque eget, dictum placerat, augue. Sed|urna convallis erat, eget tincidunt|mollis vitae, posuere at, velit.|37829722-B|amet diam eu dolor egestas rhoncus. Proin nisl sem, consequat nec, mollis vitae, posuere at, velit. Cras lorem lorem, luctus ut, pellentesque eget, dictum placerat, augue. Sed molestie. Sed id risus quis diam luctus lobortis. Class aptent taciti sociosqu ad litora torquent per conubia nostra, per inceptos hymenaeos. Mauris ut quam vel sapien imperdiet ornare. In faucibus. Morbi vehicula. Pellentesque tincidunt tempus risus. Donec egestas. Duis ac arcu. Nunc mauris. Morbi non sapien molestie orci tincidunt|6537-1447-64-5966888490|768|2|866-6624 Et Rd.|Austria|L.|Montpelier|N6R 4L4|Pellentesque.ultricies.dignissim@Etiambibendum.ca|http://www.ksoabkrcmy.som|99 038 57 44|679 043 492|98 488 85 38
71|6|1|posuere cubilia Curae; Donec tincidunt. Donec vitae erat|nisi. Cum sociis natoque penatibus et|fermentum arcu. Vestibulum ante ipsum primis in|57005553-N|metus facilisis lorem tristique aliquet. Phasellus fermentum convallis ligula. Donec luctus aliquet odio. Etiam ligula tortor, dictum eu, placerat eget, venenatis a, magna. Lorem ipsum dolor sit amet, consectetuer adipiscing elit. Etiam laoreet, libero et tristique pellentesque, tellus sem mollis dui, in sodales elit erat vitae risus. Duis a mi fringilla mi lacinia mattis. Integer eu lacus. Quisque imperdiet, erat nonummy ultricies ornare, elit elit fermentum risus, at fringilla|8170-9298-14-2019582024|605|21|935-6260 Nunc St.|Yemen|MA|Salinas|U1D 4X3|luctus.ipsum@diamPellentesquehabitant.edu|http://www.lutodredkq.hom|98 135 53 34|651 564 408|95 997 37 58
72|9|1|adipiscing elit. Curabitur sed tortor.|Donec dignissim magna a tortor. Nunc commodo auctor|ornare sagittis felis. Donec tempor, est|86040395-N|adipiscing lobortis risus. In mi pede, nonummy ut, molestie in, tempus eu, ligula. Aenean euismod mauris eu elit. Nulla facilisi. Sed neque. Sed eget lacus. Mauris non dui nec urna suscipit nonummy. Fusce fermentum fermentum arcu. Vestibulum ante ipsum primis in faucibus orci luctus et ultrices posuere cubilia Curae; Phasellus|9828-4181-55-6348444179|930|11|965-9052 Vehicula Road|Rwanda|SK|Blythe|46790|pede@Phasellusataugue.edu|http://www.eekppromlt.kom|90 110 76 28|681 348 251|92 323 54 71
73|0|1|fringilla euismod enim. Etiam gravida molestie arcu. Sed eu|Nunc laoreet lectus quis massa. Mauris vestibulum, neque sed|Nullam scelerisque neque sed sem egestas blandit. Nam nulla magna,|50936115-I|eu, euismod ac, fermentum vel, mauris. Integer sem elit, pharetra ut, pharetra sed, hendrerit a, arcu. Sed et libero. Proin mi. Aliquam gravida mauris ut mi. Duis risus odio, auctor vitae, aliquet nec, imperdiet nec, leo. Morbi neque tellus, imperdiet non, vestibulum nec, euismod in, dolor. Fusce feugiat. Lorem ipsum dolor sit amet, consectetuer adipiscing elit. Aliquam|2753-0863-30-0414163551|150|15|Ap #818-6280 Aptent Street|Denmark|Gld.|Lockport|ZA0E 6IT|ornare@mifringillami.org|http://www.mbwfwmlqil.yom|95 503 95 24|652 579 841|93 498 90 71
74|9|1|luctus. Curabitur egestas nunc sed libero. Proin sed|arcu. Sed et libero. Proin mi. Aliquam gravida|lorem vitae odio sagittis semper. Nam tempor|45441797-Z|eu, ultrices sit amet, risus. Donec nibh enim, gravida sit amet, dapibus id, blandit at, nisi. Cum sociis natoque penatibus et magnis dis parturient montes, nascetur ridiculus mus. Proin vel nisl. Quisque fringilla euismod enim. Etiam gravida molestie arcu. Sed eu nibh vulputate mauris sagittis placerat. Cras dictum|9201-5404-31-1404050901|466|25|6618 Nulla. Road|Germany|Limburg|Kenosha|Q5 6CN|sagittis@diamDuis.com|http://www.yzyvwhqnqw.som|98 392 35 67|652 409 561|96 149 04 88
75|3|1|non quam. Pellentesque habitant morbi tristique senectus et|Maecenas ornare egestas ligula. Nullam feugiat placerat velit. Quisque|ornare placerat, orci lacus vestibulum lorem, sit amet|64800586-W|quis urna. Nunc quis arcu vel quam dignissim pharetra. Nam ac nulla. In tincidunt congue turpis. In condimentum. Donec at arcu. Vestibulum ante ipsum primis in faucibus orci luctus et|7738-3433-47-2304992248|997|1|6299 Purus, Road|Colombia|Newfoundland and Labrador|Macomb|70919|quam.a.felis@sem.edu|http://www.ejafjjazob.kom|94 803 01 45|674 374 463|98 870 01 02
76|5|1|Duis elementum, dui quis accumsan convallis,|nisi. Mauris nulla. Integer urna. Vivamus molestie dapibus ligula. Aliquam|Cras eu tellus eu augue porttitor interdum. Sed auctor|28729287-R|dis parturient montes, nascetur ridiculus mus. Proin vel nisl. Quisque fringilla euismod enim. Etiam gravida molestie arcu. Sed eu nibh vulputate mauris|0624-4114-12-5479719193|381|18|582-850 Adipiscing Road|Nepal|MB|Meridian|AR6U 8NX|purus.Nullam.scelerisque@Donec.ca|http://www.xkkkymaaqf.jom|91 868 92 86|625 203 791|96 185 12 94
77|2|1|tempus eu, ligula. Aenean euismod mauris eu|arcu vel quam dignissim pharetra.|per conubia nostra, per inceptos hymenaeos. Mauris ut|51153926-N|non ante bibendum ullamcorper. Duis cursus, diam at pretium aliquet, metus urna convallis erat, eget tincidunt dui augue eu tellus. Phasellus elit pede, malesuada vel, venenatis vel, faucibus id, libero. Donec consectetuer mauris id sapien. Cras dolor dolor, tempus non, lacinia at, iaculis quis, pede. Praesent eu dui. Cum sociis|8150-7783-81-3338859501|113|19|2250 Imperdiet Road|Svalbard and Jan Mayen|South Glamorgan|Princeton|12190|blandit.Nam@parturientmontes.edu|http://www.twjkmshroq.pom|92 190 40 72|605 326 233|91 001 78 51
78|4|1|accumsan sed, facilisis vitae, orci. Phasellus dapibus|Nam consequat dolor vitae dolor. Donec fringilla. Donec feugiat|Nam consequat dolor vitae dolor. Donec fringilla. Donec|25175905-N|nunc sit amet metus. Aliquam erat volutpat. Nulla facilisis. Suspendisse commodo tincidunt nibh. Phasellus nulla. Integer vulputate, risus a ultricies adipiscing, enim mi tempor lorem, eget mollis lectus pede et risus. Quisque libero lacus, varius et, euismod et, commodo|1525-7358-04-4287785846|198|27|1562 Blandit Av.|Gabon|ANT|La Verne|X9U 6S6|ligula@iaculis.org|http://www.csrqnpuvwv.kom|96 132 79 75|696 472 144|97 524 69 12
79|5|1|sed pede. Cum sociis natoque|Duis volutpat nunc sit amet metus. Aliquam erat|egestas. Duis ac arcu. Nunc mauris. Morbi non|00589239-Y|at pretium aliquet, metus urna convallis erat, eget tincidunt dui augue eu tellus. Phasellus elit pede, malesuada vel, venenatis vel, faucibus id, libero. Donec consectetuer mauris id sapien. Cras dolor dolor, tempus non, lacinia at, iaculis quis, pede. Praesent eu dui. Cum sociis natoque penatibus et magnis dis parturient montes, nascetur ridiculus mus. Aenean eget magna. Suspendisse tristique neque venenatis lacus. Etiam bibendum fermentum metus. Aenean sed pede nec ante blandit viverra. Donec tempus, lorem fringilla ornare placerat, orci lacus vestibulum lorem,|2906-7592-29-3441577349|445|7|Ap #369-7745 Sed Av.|Greece|Drenthe|Santa Clara|GY8 7SO|sit@justoPraesent.org|http://www.ctyyhgsqfr.zom|92 308 93 64|618 496 158|92 038 11 71
80|4|1|morbi tristique senectus et netus et malesuada fames ac|vehicula et, rutrum eu, ultrices sit|sit amet orci. Ut sagittis|80274925-V|Curabitur egestas nunc sed libero. Proin sed turpis nec mauris blandit mattis. Cras eget nisi dictum augue malesuada malesuada. Integer id magna et ipsum cursus vestibulum. Mauris magna. Duis dignissim tempor arcu. Vestibulum ut eros non enim commodo hendrerit. Donec porttitor tellus non magna. Nam ligula elit, pretium et, rutrum non, hendrerit id, ante. Nunc mauris sapien, cursus in, hendrerit consectetuer, cursus et, magna. Praesent interdum ligula eu enim. Etiam|4812-0269-37-6517320824|637|13|Ap #485-5281 Elit, Ave|Guinea|Yukon|Plymouth|27650|egestas.ligula@eget.edu|http://www.pwnlpfwcow.dom|97 930 22 19|690 266 772|91 932 51 70
81|8|1|in, cursus et, eros. Proin ultrices. Duis volutpat nunc sit|Donec tincidunt. Donec vitae erat vel pede blandit|diam luctus lobortis. Class aptent taciti sociosqu ad litora torquent|73206405-L|eu elit. Nulla facilisi. Sed neque. Sed eget lacus. Mauris non dui nec urna suscipit nonummy. Fusce fermentum fermentum arcu. Vestibulum ante ipsum primis in faucibus orci luctus et ultrices|0992-1863-48-0459345047|770|22|8897 Ac, Rd.|Trinidad and Tobago|Virginia|Laguna Woods|N8G 5DS|nonummy@erat.ca|http://www.wvtghodeof.dom|95 246 12 15|696 322 492|96 006 98 41
82|1|1|massa. Quisque porttitor eros nec tellus.|ac tellus. Suspendisse sed dolor. Fusce mi lorem,|eu, accumsan sed, facilisis vitae, orci. Phasellus|78791841-O|lacinia vitae, sodales at, velit. Pellentesque ultricies dignissim lacus. Aliquam rutrum lorem ac risus. Morbi metus. Vivamus euismod urna. Nullam lobortis quam a felis ullamcorper viverra. Maecenas iaculis aliquet diam. Sed diam lorem, auctor quis, tristique ac, eleifend vitae, erat. Vivamus nisi. Mauris nulla. Integer urna. Vivamus molestie dapibus ligula. Aliquam erat volutpat. Nulla dignissim. Maecenas ornare egestas ligula. Nullam feugiat placerat velit. Quisque varius. Nam porttitor scelerisque neque. Nullam nisl. Maecenas malesuada fringilla est.|7130-8304-29-9408733274|961|24|917-5859 Etiam St.|Western Sahara|ALD|Crown Point|6323TR|molestie.arcu@lectus.edu|http://www.hjzipwxpdg.vom|97 576 02 83|674 708 463|99 781 02 13
83|9|1|magna. Phasellus dolor elit, pellentesque a,|eu, ultrices sit amet, risus.|morbi tristique senectus et netus et|19412349-V|mi. Duis risus odio, auctor vitae, aliquet nec, imperdiet nec, leo. Morbi neque tellus, imperdiet non, vestibulum nec, euismod in, dolor. Fusce feugiat. Lorem ipsum|6660-6497-51-8998130758|853|26|767-5536 Sed Ave|Madagascar|ROX|Idabel|3135OI|Vivamus@tincidunt.org|http://www.oyjhhcvvvb.zom|92 271 42 57|668 993 435|95 561 05 53
84|9|1|lorem, sit amet ultricies sem magna|sapien imperdiet ornare. In faucibus. Morbi vehicula.|urna. Nunc quis arcu vel quam dignissim pharetra.|53805372-E|lacus. Mauris non dui nec urna suscipit nonummy. Fusce fermentum fermentum arcu. Vestibulum ante ipsum primis in faucibus orci luctus et ultrices posuere cubilia Curae; Phasellus ornare. Fusce mollis. Duis sit amet diam eu dolor egestas rhoncus. Proin nisl sem, consequat nec, mollis vitae, posuere at, velit. Cras lorem lorem, luctus ut, pellentesque eget, dictum placerat, augue. Sed molestie. Sed id risus quis diam luctus lobortis. Class|5051-6078-13-3519784041|580|17|688-5044 Neque Road|Venezuela|Powys|New Bedford|13981|sem.semper@magnaNam.com|http://www.mpcwxlnkkk.mom|94 861 25 79|676 005 929|98 943 40 42
85|0|1|magna. Phasellus dolor elit, pellentesque a, facilisis non, bibendum|eu, ligula. Aenean euismod mauris eu|lacinia orci, consectetuer euismod est arcu ac orci. Ut semper|04839626-G|tincidunt. Donec vitae erat vel pede blandit congue. In scelerisque scelerisque dui. Suspendisse ac metus vitae velit egestas lacinia. Sed congue, elit sed consequat auctor, nunc nulla vulputate dui, nec tempus mauris erat eget|7107-0923-33-7636478655|604|28|P.O. Box 743, 3581 Dolor St.|Lebanon|British Columbia|Salinas|47484|Duis.elementum@nec.edu|http://www.ckcdmiwwvi.bom|94 882 29 20|631 405 259|97 588 62 98
86|8|1|facilisis, magna tellus faucibus leo, in lobortis tellus justo|Nulla eget metus eu erat|et, rutrum non, hendrerit id, ante. Nunc mauris|84704018-D|commodo at, libero. Morbi accumsan laoreet ipsum. Curabitur consequat, lectus sit amet luctus vulputate, nisi sem semper erat, in consectetuer ipsum nunc id enim. Curabitur massa. Vestibulum accumsan neque et nunc. Quisque ornare tortor at risus. Nunc ac sem ut dolor dapibus gravida. Aliquam tincidunt, nunc ac mattis ornare, lectus ante dictum mi, ac mattis velit justo nec ante.|7746-5043-77-2545216372|110|8|529-2245 Cum St.|Turkey|Clwyd|Orangeburg|23454|netus@tellus.edu|http://www.iigzkqlpov.pom|92 714 62 03|608 532 073|99 969 29 21
87|4|1|Lorem ipsum dolor sit amet, consectetuer adipiscing elit.|sodales purus, in molestie tortor nibh sit|pede. Praesent eu dui. Cum sociis natoque penatibus|16188119-A|nisl sem, consequat nec, mollis vitae, posuere at, velit. Cras lorem lorem, luctus ut, pellentesque eget, dictum placerat, augue. Sed molestie. Sed id risus quis diam luctus lobortis. Class aptent taciti sociosqu ad litora torquent per conubia nostra, per inceptos hymenaeos. Mauris ut quam vel sapien imperdiet ornare. In faucibus. Morbi vehicula. Pellentesque tincidunt tempus risus. Donec egestas. Duis ac arcu. Nunc mauris. Morbi non sapien molestie orci tincidunt adipiscing. Mauris molestie pharetra|3706-7936-13-8377971427|698|14|Ap #728-279 A St.|Greece|STS|Beverly Hills|4414EG|elit.pellentesque.a@sed.com|http://www.wbdwrvxauf.fom|97 206 55 72|692 706 825|93 206 11 70
88|9|1|malesuada vel, convallis in, cursus et, eros. Proin ultrices. Duis|a, enim. Suspendisse aliquet, sem ut cursus|vel turpis. Aliquam adipiscing lobortis|30895624-X|est, vitae sodales nisi magna sed dui. Fusce aliquam, enim nec tempus scelerisque, lorem ipsum sodales purus, in molestie tortor nibh sit amet orci. Ut sagittis lobortis mauris. Suspendisse aliquet molestie tellus. Aenean egestas hendrerit neque. In ornare sagittis felis. Donec tempor, est ac mattis semper, dui lectus rutrum urna, nec luctus felis purus ac tellus. Suspendisse sed dolor. Fusce mi lorem, vehicula et, rutrum eu, ultrices sit amet, risus. Donec nibh enim, gravida sit amet, dapibus id, blandit at, nisi. Cum sociis natoque penatibus et magnis dis parturient montes, nascetur ridiculus mus. Proin vel nisl.|5870-1017-13-5212106208|617|17|1259 Venenatis Road|Fiji|Nunavut|Louisville|0762YR|ipsum.Phasellus.vitae@velitegestaslacinia.ca|http://www.wmlnwgqeag.zom|96 693 00 86|659 412 381|95 683 43 89
89|2|1|Nulla dignissim. Maecenas ornare egestas ligula. Nullam feugiat|metus. Aliquam erat volutpat. Nulla|mus. Donec dignissim magna a tortor. Nunc|43053918-W|libero mauris, aliquam eu, accumsan sed, facilisis vitae, orci. Phasellus dapibus quam quis diam. Pellentesque habitant morbi tristique senectus et netus et malesuada fames ac turpis egestas. Fusce aliquet magna a neque. Nullam ut nisi a odio semper cursus. Integer mollis. Integer tincidunt aliquam arcu. Aliquam ultrices iaculis odio. Nam interdum enim non nisi. Aenean eget metus. In nec orci. Donec|0992-4518-04-6076617544|074|15|Ap #116-2398 Aenean Road|Ecuador|Zeeland|Marshall|O9U 2A5|ornare.sagittis.felis@arcuacorci.com|http://www.lgkvxkbemj.kom|94 990 64 58|650 732 789|92 864 29 80
90|9|1|aliquam adipiscing lacus. Ut nec|rutrum eu, ultrices sit amet, risus. Donec nibh enim,|tempus risus. Donec egestas. Duis ac arcu.|43207883-X|tellus faucibus leo, in lobortis tellus justo sit amet nulla. Donec non justo. Proin non massa non ante bibendum ullamcorper. Duis cursus, diam at pretium aliquet, metus urna convallis erat, eget tincidunt dui augue eu tellus. Phasellus elit pede, malesuada vel, venenatis vel, faucibus id, libero. Donec consectetuer mauris id sapien. Cras dolor dolor, tempus non, lacinia at, iaculis quis, pede. Praesent eu|1341-5380-57-9652750392|725|23|Ap #368-2820 Purus, Road|Ecuador|NT|Fond du Lac|Y6G 7F2|sit@elitfermentum.com|http://www.cpjmhrtnpe.dom|99 717 13 02|639 857 187|92 365 42 99
91|5|1|erat. Etiam vestibulum massa rutrum magna. Cras convallis|senectus et netus et malesuada fames|vulputate eu, odio. Phasellus at|63876899-W|nisl. Quisque fringilla euismod enim. Etiam gravida molestie arcu. Sed eu nibh vulputate mauris sagittis placerat. Cras dictum ultricies ligula. Nullam enim. Sed nulla ante, iaculis nec, eleifend non, dapibus rutrum, justo. Praesent luctus. Curabitur egestas nunc sed libero. Proin sed turpis nec mauris blandit mattis. Cras eget nisi dictum augue malesuada malesuada. Integer id magna et ipsum cursus vestibulum. Mauris magna. Duis dignissim tempor arcu. Vestibulum ut eros non enim commodo hendrerit. Donec porttitor tellus non magna. Nam ligula elit, pretium et, rutrum non, hendrerit id, ante.|5933-1797-12-7173775686|215|28|7623 Elit. Rd.|Gibraltar|Zuid Holland|Rocky Mount|MT2 8NZ|Integer.vitae@ascelerisquesed.com|http://www.zqitchnlcv.kom|98 568 90 65|651 389 872|99 533 59 62
92|0|1|tellus. Aenean egestas hendrerit neque. In ornare sagittis felis.|tempus non, lacinia at, iaculis|in, dolor. Fusce feugiat. Lorem ipsum dolor sit amet, consectetuer|15815471-P|tincidunt, nunc ac mattis ornare, lectus ante dictum mi, ac mattis velit justo nec|5878-8212-81-9119960550|708|25|Ap #789-9225 Lacinia Street|Nigeria|Hereford and Worcester|Lomita|QT5 5KN|nec@egetmollis.ca|http://www.jtqsjkqzcc.pom|94 391 86 64|623 178 520|94 794 16 18
93|0|1|rutrum magna. Cras convallis convallis dolor. Quisque|sapien, cursus in, hendrerit consectetuer, cursus et, magna.|Vivamus non lorem vitae odio sagittis semper. Nam|95371913-H|aliquam arcu. Aliquam ultrices iaculis odio. Nam interdum enim non nisi. Aenean eget metus. In nec orci. Donec nibh. Quisque nonummy ipsum non arcu. Vivamus sit amet risus. Donec egestas. Aliquam nec enim. Nunc ut erat. Sed nunc est, mollis non,|1932-4019-28-0085581143|196|26|P.O. Box 561, 9178 Id, Rd.|Israel|ROS|Clovis|G12 7AL|sagittis.lobortis.mauris@Nullaegetmetus.com|http://www.kypaacylsb.vom|96 355 81 71|680 318 357|98 373 76 97
94|7|1|turpis vitae purus gravida sagittis. Duis gravida. Praesent eu|nec metus facilisis lorem tristique aliquet. Phasellus fermentum convallis|lacus. Aliquam rutrum lorem ac risus. Morbi metus. Vivamus euismod|14906715-S|lectus. Cum sociis natoque penatibus et magnis dis parturient montes, nascetur ridiculus mus. Donec dignissim magna a tortor. Nunc commodo auctor velit. Aliquam nisl. Nulla eu neque pellentesque massa lobortis ultrices. Vivamus rhoncus. Donec est. Nunc ullamcorper, velit in aliquet lobortis, nisi nibh lacinia orci, consectetuer euismod est arcu ac orci. Ut semper pretium neque. Morbi quis|5822-7600-47-9240957751|800|25|P.O. Box 342, 4774 Est Ave|Monaco|Gelderland|Gilette|5434AB|dignissim@sed.org|http://www.fxhzzolonl.com|97 627 95 09|685 420 422|99 435 62 86
95|2|1|Etiam ligula tortor, dictum eu,|et, magna. Praesent interdum ligula eu enim. Etiam imperdiet dictum|luctus aliquet odio. Etiam ligula tortor, dictum eu, placerat|21427526-C|consectetuer adipiscing elit. Etiam laoreet, libero et tristique pellentesque, tellus sem mollis dui, in sodales elit erat vitae risus. Duis a mi fringilla mi lacinia mattis. Integer eu lacus. Quisque imperdiet, erat nonummy ultricies ornare, elit elit fermentum risus, at fringilla purus mauris a nunc. In at pede. Cras vulputate velit eu sem. Pellentesque ut ipsum ac mi eleifend egestas. Sed pharetra, felis eget varius ultrices, mauris|1014-0576-29-5919099677|992|7|296-8568 Non Ave|Bhutan|GA|Worcester|9340IK|a.dui.Cras@neque.edu|http://www.kyqdkvamwa.rom|90 497 67 78|626 267 504|96 216 60 27
96|4|1|Nunc ac sem ut dolor dapibus gravida. Aliquam tincidunt,|imperdiet, erat nonummy ultricies ornare,|eget metus eu erat semper rutrum. Fusce dolor|24792585-E|Nulla interdum. Curabitur dictum. Phasellus in felis. Nulla tempor augue ac ipsum. Phasellus vitae mauris sit|8622-2449-14-2883683434|781|22|Ap #717-8527 Sem Ave|Palau|Co. Mayo|Reedsport|QU1H 5MU|lorem.eget.mollis@temporerat.edu|http://www.hatxrppoiw.som|93 437 90 67|664 800 279|91 382 68 95
97|5|1|interdum enim non nisi. Aenean|arcu imperdiet ullamcorper. Duis at lacus. Quisque purus sapien, gravida|sapien imperdiet ornare. In faucibus. Morbi vehicula. Pellentesque tincidunt|41041718-E|eu sem. Pellentesque ut ipsum ac mi eleifend egestas. Sed pharetra, felis eget varius ultrices, mauris ipsum porta elit, a feugiat tellus lorem eu metus. In lorem. Donec elementum, lorem ut aliquam iaculis, lacus pede sagittis augue, eu tempor erat neque non quam. Pellentesque habitant morbi tristique senectus et netus et malesuada fames ac turpis egestas. Aliquam fringilla cursus purus. Nullam scelerisque neque sed sem egestas blandit. Nam nulla magna, malesuada vel, convallis in, cursus et, eros. Proin ultrices. Duis volutpat nunc sit amet metus. Aliquam erat volutpat. Nulla facilisis. Suspendisse commodo tincidunt nibh. Phasellus nulla. Integer|1261-4996-68-6132242314|725|6|401-4320 Dui. Street|French Southern Territories|AGY|Laconia|6869HX|amet@consectetueradipiscing.ca|http://www.yfgfopqwuf.mom|96 944 71 92|655 125 417|99 576 49 96
98|5|1|placerat velit. Quisque varius. Nam porttitor|nisl. Quisque fringilla euismod enim. Etiam|lacus. Cras interdum. Nunc sollicitudin commodo ipsum. Suspendisse non|52424359-Z|eu, ligula. Aenean euismod mauris eu elit. Nulla facilisi. Sed neque. Sed eget lacus. Mauris non dui nec urna suscipit nonummy. Fusce fermentum fermentum arcu. Vestibulum ante ipsum primis in faucibus orci luctus et ultrices posuere cubilia Curae; Phasellus ornare. Fusce mollis. Duis sit amet diam eu dolor egestas rhoncus. Proin nisl sem, consequat nec, mollis vitae, posuere at, velit. Cras lorem lorem, luctus ut, pellentesque eget, dictum placerat, augue.|5032-0906-39-6041384863|398|18|P.O. Box 430, 1990 Nisl. St.|Somalia|WES|Denver|H4J 6H8|mi.Duis@Quisque.ca|http://www.znifrrjmhc.lom|92 030 99 39|615 352 537|95 565 51 87
99|8|1|orci tincidunt adipiscing. Mauris molestie|a, aliquet vel, vulputate eu, odio. Phasellus at augue|massa rutrum magna. Cras convallis convallis dolor. Quisque tincidunt|20119401-Z|id sapien. Cras dolor dolor, tempus non, lacinia at, iaculis quis, pede. Praesent eu dui. Cum sociis natoque penatibus et magnis dis parturient montes, nascetur ridiculus mus. Aenean eget magna. Suspendisse tristique neque venenatis lacus. Etiam bibendum fermentum metus. Aenean sed pede nec ante blandit viverra. Donec|2099-5550-06-9744872042|243|12|514-7454 Rutrum Ave|Trinidad and Tobago|KKD|Paramount|4482EC|id@lectusrutrum.ca|http://www.sxiljufhxd.gom|90 966 32 33|667 850 963|95 075 76 82
100|0|1|a felis ullamcorper viverra. Maecenas iaculis aliquet|dapibus rutrum, justo. Praesent luctus. Curabitur egestas nunc|enim, gravida sit amet, dapibus id, blandit at,|52194421-G|luctus et ultrices posuere cubilia Curae; Donec tincidunt. Donec vitae erat vel pede blandit congue. In scelerisque scelerisque dui.|2045-5431-20-9415840405|927|25|P.O. Box 889, 4370 Vestibulum St.|Dominican Republic|Prince Edward Island|Salinas|28403|ac.mattis@Phaselluslibero.com|http://www.pthiylfjsv.com|90 839 49 91|669 443 578|90 094 66 70

